INSERT INTO ERP_CONFIG (CONFIG_KEY, CONFIG_VALUE) VALUES('DB_VERSION', 1);

INSERT INTO USERS (USER_ID, USERNAME, NORMALIZED_USERNAME, FIRSTNAME, LASTNAME, DISPLAY_NAME, ACTIVE_DIRECTORY_GUID, EMAIL, PASSWORD, SALT, ACCOUNT_TYPE, IS_ACTIVE, IS_ADMIN) VALUES
(1,'erp_admin','ERP_ADMIN','Administrator','', 'Administrator',NULL,'','AQAAAAIAAYagAAAAENvHVp7Hx3Ws7rgflVnY0rWih9w6CHx276h82P3BFNAhL/eiOuDWB/Sd/qetKZKrOQ==','MKCiCF92oR','LocalAccount',true,true);

INSERT INTO LANGUAGES (LANGUAGE_ID, CODE, IS_ACTIVE, LAST_MODIFIED_BY) VALUES (1, 'en-US', TRUE, 1);
INSERT INTO TRANSLATIONS (CODE, LANGUAGE_ID, PARENT_ID, VALUE_TEXT) VALUES ('LANGUAGE', 1, 1, 'English (United States)');
INSERT INTO TRANSLATIONS (CODE, LANGUAGE_ID, PARENT_ID, VALUE_TEXT) VALUES ('LANGUAGE', 2, 1, 'Englisch (United States)');

INSERT INTO LANGUAGES (LANGUAGE_ID, CODE, IS_ACTIVE, LAST_MODIFIED_BY) VALUES (2, 'de-de', TRUE, 1);
INSERT INTO TRANSLATIONS (CODE, LANGUAGE_ID, PARENT_ID, VALUE_TEXT) VALUES ('LANGUAGE', 1, 2, 'German (Germany)');
INSERT INTO TRANSLATIONS (CODE, LANGUAGE_ID, PARENT_ID, VALUE_TEXT) VALUES ('LANGUAGE', 2, 2, 'Deutsch (Deutschland)');


/* Countries */ 
INSERT INTO COUNTRIES (COUNTRY_ID, ISO2, ISO3, DIALING_CODE, IS_EU, IS_ACTIVE, LAST_MODIFIED_BY) VALUES (1, 'AF', 'AFG', '+93', FALSE, TRUE, 1);
INSERT INTO TRANSLATIONS (CODE, LANGUAGE_ID, PARENT_ID, VALUE_TEXT) VALUES ('COUNTRY', 1, 1, 'Afghanistan');
INSERT INTO TRANSLATIONS (CODE, LANGUAGE_ID, PARENT_ID, VALUE_TEXT) VALUES ('COUNTRY', 2, 1, 'Afghanistan');

INSERT INTO COUNTRIES (COUNTRY_ID, ISO2, ISO3, DIALING_CODE, IS_EU, IS_ACTIVE, LAST_MODIFIED_BY) VALUES (2, 'EG', 'EGY', '+20', FALSE, TRUE, 1);
INSERT INTO TRANSLATIONS (CODE, LANGUAGE_ID, PARENT_ID, VALUE_TEXT) VALUES ('COUNTRY', 1, 2, 'Egypt');
INSERT INTO TRANSLATIONS (CODE, LANGUAGE_ID, PARENT_ID, VALUE_TEXT) VALUES ('COUNTRY', 2, 2, 'Ägypten');

INSERT INTO COUNTRIES (COUNTRY_ID, ISO2, ISO3, DIALING_CODE, IS_EU, IS_ACTIVE, LAST_MODIFIED_BY) VALUES (3, 'AX', 'ALA', '+358', FALSE, TRUE, 1);
INSERT INTO TRANSLATIONS (CODE, LANGUAGE_ID, PARENT_ID, VALUE_TEXT) VALUES ('COUNTRY', 1, 3, 'Åland Islands');
INSERT INTO TRANSLATIONS (CODE, LANGUAGE_ID, PARENT_ID, VALUE_TEXT) VALUES ('COUNTRY', 2, 3, 'Ålandinseln');

INSERT INTO COUNTRIES (COUNTRY_ID, ISO2, ISO3, DIALING_CODE, IS_EU, IS_ACTIVE, LAST_MODIFIED_BY) VALUES (4, 'AL', 'ALB', '+355', FALSE, TRUE, 1);
INSERT INTO TRANSLATIONS (CODE, LANGUAGE_ID, PARENT_ID, VALUE_TEXT) VALUES ('COUNTRY', 1, 4, 'Albania');
INSERT INTO TRANSLATIONS (CODE, LANGUAGE_ID, PARENT_ID, VALUE_TEXT) VALUES ('COUNTRY', 2, 4, 'Albanien');

INSERT INTO COUNTRIES (COUNTRY_ID, ISO2, ISO3, DIALING_CODE, IS_EU, IS_ACTIVE, LAST_MODIFIED_BY) VALUES (5, 'DZ', 'DZA', '+213', FALSE, TRUE, 1);
INSERT INTO TRANSLATIONS (CODE, LANGUAGE_ID, PARENT_ID, VALUE_TEXT) VALUES ('COUNTRY', 1, 5, 'Algeria');
INSERT INTO TRANSLATIONS (CODE, LANGUAGE_ID, PARENT_ID, VALUE_TEXT) VALUES ('COUNTRY', 2, 5, 'Algerien');

INSERT INTO COUNTRIES (COUNTRY_ID, ISO2, ISO3, DIALING_CODE, IS_EU, IS_ACTIVE, LAST_MODIFIED_BY) VALUES (6, 'AS', 'ASM', '+1-684', FALSE, TRUE, 1);
INSERT INTO TRANSLATIONS (CODE, LANGUAGE_ID, PARENT_ID, VALUE_TEXT) VALUES ('COUNTRY', 1, 6, 'American Samoa');
INSERT INTO TRANSLATIONS (CODE, LANGUAGE_ID, PARENT_ID, VALUE_TEXT) VALUES ('COUNTRY', 2, 6, 'Amerikanisch Samoa');

INSERT INTO COUNTRIES (COUNTRY_ID, ISO2, ISO3, DIALING_CODE, IS_EU, IS_ACTIVE, LAST_MODIFIED_BY) VALUES (7, 'AD', 'AND', '+376', FALSE, TRUE, 1);
INSERT INTO TRANSLATIONS (CODE, LANGUAGE_ID, PARENT_ID, VALUE_TEXT) VALUES ('COUNTRY', 1, 7, 'Andorra');
INSERT INTO TRANSLATIONS (CODE, LANGUAGE_ID, PARENT_ID, VALUE_TEXT) VALUES ('COUNTRY', 2, 7, 'Andorra');

INSERT INTO COUNTRIES (COUNTRY_ID, ISO2, ISO3, DIALING_CODE, IS_EU, IS_ACTIVE, LAST_MODIFIED_BY) VALUES (8, 'AO', 'AGO', '+244', FALSE, TRUE, 1);
INSERT INTO TRANSLATIONS (CODE, LANGUAGE_ID, PARENT_ID, VALUE_TEXT) VALUES ('COUNTRY', 1, 8, 'Angola');
INSERT INTO TRANSLATIONS (CODE, LANGUAGE_ID, PARENT_ID, VALUE_TEXT) VALUES ('COUNTRY', 2, 8, 'Angola');

INSERT INTO COUNTRIES (COUNTRY_ID, ISO2, ISO3, DIALING_CODE, IS_EU, IS_ACTIVE, LAST_MODIFIED_BY) VALUES (9, 'AI', 'AIA', '+1-264', FALSE, TRUE, 1);
INSERT INTO TRANSLATIONS (CODE, LANGUAGE_ID, PARENT_ID, VALUE_TEXT) VALUES ('COUNTRY', 1, 9, 'Anguilla');
INSERT INTO TRANSLATIONS (CODE, LANGUAGE_ID, PARENT_ID, VALUE_TEXT) VALUES ('COUNTRY', 2, 9, 'Anguilla');

INSERT INTO COUNTRIES (COUNTRY_ID, ISO2, ISO3, DIALING_CODE, IS_EU, IS_ACTIVE, LAST_MODIFIED_BY) VALUES (10, 'AQ', 'ATA', '+', FALSE, TRUE, 1);
INSERT INTO TRANSLATIONS (CODE, LANGUAGE_ID, PARENT_ID, VALUE_TEXT) VALUES ('COUNTRY', 1, 10, 'Antarctica');
INSERT INTO TRANSLATIONS (CODE, LANGUAGE_ID, PARENT_ID, VALUE_TEXT) VALUES ('COUNTRY', 2, 10, 'Antarktis');

INSERT INTO COUNTRIES (COUNTRY_ID, ISO2, ISO3, DIALING_CODE, IS_EU, IS_ACTIVE, LAST_MODIFIED_BY) VALUES (11, 'AG', 'ATG', '+1-268', FALSE, TRUE, 1);
INSERT INTO TRANSLATIONS (CODE, LANGUAGE_ID, PARENT_ID, VALUE_TEXT) VALUES ('COUNTRY', 1, 11, 'Antigua and Barbuda');
INSERT INTO TRANSLATIONS (CODE, LANGUAGE_ID, PARENT_ID, VALUE_TEXT) VALUES ('COUNTRY', 2, 11, 'Antigua und Barbuda');

INSERT INTO COUNTRIES (COUNTRY_ID, ISO2, ISO3, DIALING_CODE, IS_EU, IS_ACTIVE, LAST_MODIFIED_BY) VALUES (12, 'GQ', 'GNQ', '+240', FALSE, TRUE, 1);
INSERT INTO TRANSLATIONS (CODE, LANGUAGE_ID, PARENT_ID, VALUE_TEXT) VALUES ('COUNTRY', 1, 12, 'Equatorial Guinea');
INSERT INTO TRANSLATIONS (CODE, LANGUAGE_ID, PARENT_ID, VALUE_TEXT) VALUES ('COUNTRY', 2, 12, 'Äquatorialguinea');

INSERT INTO COUNTRIES (COUNTRY_ID, ISO2, ISO3, DIALING_CODE, IS_EU, IS_ACTIVE, LAST_MODIFIED_BY) VALUES (13, 'AR', 'ARG', '+54', FALSE, TRUE, 1);
INSERT INTO TRANSLATIONS (CODE, LANGUAGE_ID, PARENT_ID, VALUE_TEXT) VALUES ('COUNTRY', 1, 13, 'Argentina');
INSERT INTO TRANSLATIONS (CODE, LANGUAGE_ID, PARENT_ID, VALUE_TEXT) VALUES ('COUNTRY', 2, 13, 'Argentinien');

INSERT INTO COUNTRIES (COUNTRY_ID, ISO2, ISO3, DIALING_CODE, IS_EU, IS_ACTIVE, LAST_MODIFIED_BY) VALUES (14, 'AM', 'ARM', '+374', FALSE, TRUE, 1);
INSERT INTO TRANSLATIONS (CODE, LANGUAGE_ID, PARENT_ID, VALUE_TEXT) VALUES ('COUNTRY', 1, 14, 'Armenia');
INSERT INTO TRANSLATIONS (CODE, LANGUAGE_ID, PARENT_ID, VALUE_TEXT) VALUES ('COUNTRY', 2, 14, 'Armenien');

INSERT INTO COUNTRIES (COUNTRY_ID, ISO2, ISO3, DIALING_CODE, IS_EU, IS_ACTIVE, LAST_MODIFIED_BY) VALUES (15, 'AW', 'ABW', '+297', FALSE, TRUE, 1);
INSERT INTO TRANSLATIONS (CODE, LANGUAGE_ID, PARENT_ID, VALUE_TEXT) VALUES ('COUNTRY', 1, 15, 'Aruba');
INSERT INTO TRANSLATIONS (CODE, LANGUAGE_ID, PARENT_ID, VALUE_TEXT) VALUES ('COUNTRY', 2, 15, 'Aruba');

INSERT INTO COUNTRIES (COUNTRY_ID, ISO2, ISO3, DIALING_CODE, IS_EU, IS_ACTIVE, LAST_MODIFIED_BY) VALUES (16, 'AZ', 'AZE', '+994', FALSE, TRUE, 1);
INSERT INTO TRANSLATIONS (CODE, LANGUAGE_ID, PARENT_ID, VALUE_TEXT) VALUES ('COUNTRY', 1, 16, 'Azerbaijan');
INSERT INTO TRANSLATIONS (CODE, LANGUAGE_ID, PARENT_ID, VALUE_TEXT) VALUES ('COUNTRY', 2, 16, 'Aserbaidschan');

INSERT INTO COUNTRIES (COUNTRY_ID, ISO2, ISO3, DIALING_CODE, IS_EU, IS_ACTIVE, LAST_MODIFIED_BY) VALUES (17, 'ET', 'ETH', '+251', FALSE, TRUE, 1);
INSERT INTO TRANSLATIONS (CODE, LANGUAGE_ID, PARENT_ID, VALUE_TEXT) VALUES ('COUNTRY', 1, 17, 'Ethiopia');
INSERT INTO TRANSLATIONS (CODE, LANGUAGE_ID, PARENT_ID, VALUE_TEXT) VALUES ('COUNTRY', 2, 17, 'Äthiopien');

INSERT INTO COUNTRIES (COUNTRY_ID, ISO2, ISO3, DIALING_CODE, IS_EU, IS_ACTIVE, LAST_MODIFIED_BY) VALUES (18, 'AU', 'AUS', '+61', FALSE, TRUE, 1);
INSERT INTO TRANSLATIONS (CODE, LANGUAGE_ID, PARENT_ID, VALUE_TEXT) VALUES ('COUNTRY', 1, 18, 'Australia');
INSERT INTO TRANSLATIONS (CODE, LANGUAGE_ID, PARENT_ID, VALUE_TEXT) VALUES ('COUNTRY', 2, 18, 'Australien');

INSERT INTO COUNTRIES (COUNTRY_ID, ISO2, ISO3, DIALING_CODE, IS_EU, IS_ACTIVE, LAST_MODIFIED_BY) VALUES (19, 'BS', 'BHS', '+1-242', FALSE, TRUE, 1);
INSERT INTO TRANSLATIONS (CODE, LANGUAGE_ID, PARENT_ID, VALUE_TEXT) VALUES ('COUNTRY', 1, 19, 'Bahamas');
INSERT INTO TRANSLATIONS (CODE, LANGUAGE_ID, PARENT_ID, VALUE_TEXT) VALUES ('COUNTRY', 2, 19, 'Bahamas');

INSERT INTO COUNTRIES (COUNTRY_ID, ISO2, ISO3, DIALING_CODE, IS_EU, IS_ACTIVE, LAST_MODIFIED_BY) VALUES (20, 'BH', 'BHR', '+973', FALSE, TRUE, 1);
INSERT INTO TRANSLATIONS (CODE, LANGUAGE_ID, PARENT_ID, VALUE_TEXT) VALUES ('COUNTRY', 1, 20, 'Bahrain');
INSERT INTO TRANSLATIONS (CODE, LANGUAGE_ID, PARENT_ID, VALUE_TEXT) VALUES ('COUNTRY', 2, 20, 'Bahrain');

INSERT INTO COUNTRIES (COUNTRY_ID, ISO2, ISO3, DIALING_CODE, IS_EU, IS_ACTIVE, LAST_MODIFIED_BY) VALUES (21, 'BD', 'BGD', '+880', FALSE, TRUE, 1);
INSERT INTO TRANSLATIONS (CODE, LANGUAGE_ID, PARENT_ID, VALUE_TEXT) VALUES ('COUNTRY', 1, 21, 'Bangladesh');
INSERT INTO TRANSLATIONS (CODE, LANGUAGE_ID, PARENT_ID, VALUE_TEXT) VALUES ('COUNTRY', 2, 21, 'Bangladesch');

INSERT INTO COUNTRIES (COUNTRY_ID, ISO2, ISO3, DIALING_CODE, IS_EU, IS_ACTIVE, LAST_MODIFIED_BY) VALUES (22, 'BB', 'BRB', '+1-246', FALSE, TRUE, 1);
INSERT INTO TRANSLATIONS (CODE, LANGUAGE_ID, PARENT_ID, VALUE_TEXT) VALUES ('COUNTRY', 1, 22, 'Barbados');
INSERT INTO TRANSLATIONS (CODE, LANGUAGE_ID, PARENT_ID, VALUE_TEXT) VALUES ('COUNTRY', 2, 22, 'Barbados');

INSERT INTO COUNTRIES (COUNTRY_ID, ISO2, ISO3, DIALING_CODE, IS_EU, IS_ACTIVE, LAST_MODIFIED_BY) VALUES (23, 'BY', 'BLR', '+375', FALSE, TRUE, 1);
INSERT INTO TRANSLATIONS (CODE, LANGUAGE_ID, PARENT_ID, VALUE_TEXT) VALUES ('COUNTRY', 1, 23, 'Belarus');
INSERT INTO TRANSLATIONS (CODE, LANGUAGE_ID, PARENT_ID, VALUE_TEXT) VALUES ('COUNTRY', 2, 23, 'Belarus');

INSERT INTO COUNTRIES (COUNTRY_ID, ISO2, ISO3, DIALING_CODE, IS_EU, IS_ACTIVE, LAST_MODIFIED_BY) VALUES (24, 'BE', 'BEL', '+32', TRUE, TRUE, 1);
INSERT INTO TRANSLATIONS (CODE, LANGUAGE_ID, PARENT_ID, VALUE_TEXT) VALUES ('COUNTRY', 1, 24, 'Belgium');
INSERT INTO TRANSLATIONS (CODE, LANGUAGE_ID, PARENT_ID, VALUE_TEXT) VALUES ('COUNTRY', 2, 24, 'Belgien');

INSERT INTO COUNTRIES (COUNTRY_ID, ISO2, ISO3, DIALING_CODE, IS_EU, IS_ACTIVE, LAST_MODIFIED_BY) VALUES (25, 'BZ', 'BLZ', '+501', FALSE, TRUE, 1);
INSERT INTO TRANSLATIONS (CODE, LANGUAGE_ID, PARENT_ID, VALUE_TEXT) VALUES ('COUNTRY', 1, 25, 'Belize');
INSERT INTO TRANSLATIONS (CODE, LANGUAGE_ID, PARENT_ID, VALUE_TEXT) VALUES ('COUNTRY', 2, 25, 'Belize');

INSERT INTO COUNTRIES (COUNTRY_ID, ISO2, ISO3, DIALING_CODE, IS_EU, IS_ACTIVE, LAST_MODIFIED_BY) VALUES (26, 'BJ', 'BEN', '+229', FALSE, TRUE, 1);
INSERT INTO TRANSLATIONS (CODE, LANGUAGE_ID, PARENT_ID, VALUE_TEXT) VALUES ('COUNTRY', 1, 26, 'Benin');
INSERT INTO TRANSLATIONS (CODE, LANGUAGE_ID, PARENT_ID, VALUE_TEXT) VALUES ('COUNTRY', 2, 26, 'Benin');

INSERT INTO COUNTRIES (COUNTRY_ID, ISO2, ISO3, DIALING_CODE, IS_EU, IS_ACTIVE, LAST_MODIFIED_BY) VALUES (27, 'BM', 'BMU', '+1-441', FALSE, TRUE, 1);
INSERT INTO TRANSLATIONS (CODE, LANGUAGE_ID, PARENT_ID, VALUE_TEXT) VALUES ('COUNTRY', 1, 27, 'Bermuda');
INSERT INTO TRANSLATIONS (CODE, LANGUAGE_ID, PARENT_ID, VALUE_TEXT) VALUES ('COUNTRY', 2, 27, 'Bermuda');

INSERT INTO COUNTRIES (COUNTRY_ID, ISO2, ISO3, DIALING_CODE, IS_EU, IS_ACTIVE, LAST_MODIFIED_BY) VALUES (28, 'BT', 'BTN', '+975', FALSE, TRUE, 1);
INSERT INTO TRANSLATIONS (CODE, LANGUAGE_ID, PARENT_ID, VALUE_TEXT) VALUES ('COUNTRY', 1, 28, 'Bhutan');
INSERT INTO TRANSLATIONS (CODE, LANGUAGE_ID, PARENT_ID, VALUE_TEXT) VALUES ('COUNTRY', 2, 28, 'Bhutan');

INSERT INTO COUNTRIES (COUNTRY_ID, ISO2, ISO3, DIALING_CODE, IS_EU, IS_ACTIVE, LAST_MODIFIED_BY) VALUES (29, 'BO', 'BOL', '+591', FALSE, TRUE, 1);
INSERT INTO TRANSLATIONS (CODE, LANGUAGE_ID, PARENT_ID, VALUE_TEXT) VALUES ('COUNTRY', 1, 29, 'Bolivia');
INSERT INTO TRANSLATIONS (CODE, LANGUAGE_ID, PARENT_ID, VALUE_TEXT) VALUES ('COUNTRY', 2, 29, 'Bolivien');

INSERT INTO COUNTRIES (COUNTRY_ID, ISO2, ISO3, DIALING_CODE, IS_EU, IS_ACTIVE, LAST_MODIFIED_BY) VALUES (30, 'BA', 'BIH', '+387', FALSE, TRUE, 1);
INSERT INTO TRANSLATIONS (CODE, LANGUAGE_ID, PARENT_ID, VALUE_TEXT) VALUES ('COUNTRY', 1, 30, 'Bosnia and Herzegovina');
INSERT INTO TRANSLATIONS (CODE, LANGUAGE_ID, PARENT_ID, VALUE_TEXT) VALUES ('COUNTRY', 2, 30, 'Bosnien und Herzegowina');

INSERT INTO COUNTRIES (COUNTRY_ID, ISO2, ISO3, DIALING_CODE, IS_EU, IS_ACTIVE, LAST_MODIFIED_BY) VALUES (31, 'BW', 'BWA', '+267', FALSE, TRUE, 1);
INSERT INTO TRANSLATIONS (CODE, LANGUAGE_ID, PARENT_ID, VALUE_TEXT) VALUES ('COUNTRY', 1, 31, 'Botswana');
INSERT INTO TRANSLATIONS (CODE, LANGUAGE_ID, PARENT_ID, VALUE_TEXT) VALUES ('COUNTRY', 2, 31, 'Botswana');

INSERT INTO COUNTRIES (COUNTRY_ID, ISO2, ISO3, DIALING_CODE, IS_EU, IS_ACTIVE, LAST_MODIFIED_BY) VALUES (32, 'BV', 'BVT', '+', FALSE, TRUE, 1);
INSERT INTO TRANSLATIONS (CODE, LANGUAGE_ID, PARENT_ID, VALUE_TEXT) VALUES ('COUNTRY', 1, 32, 'Bouvet Island');
INSERT INTO TRANSLATIONS (CODE, LANGUAGE_ID, PARENT_ID, VALUE_TEXT) VALUES ('COUNTRY', 2, 32, 'Bouvetinsel');

INSERT INTO COUNTRIES (COUNTRY_ID, ISO2, ISO3, DIALING_CODE, IS_EU, IS_ACTIVE, LAST_MODIFIED_BY) VALUES (33, 'BR', 'BRA', '+55', FALSE, TRUE, 1);
INSERT INTO TRANSLATIONS (CODE, LANGUAGE_ID, PARENT_ID, VALUE_TEXT) VALUES ('COUNTRY', 1, 33, 'Brazil');
INSERT INTO TRANSLATIONS (CODE, LANGUAGE_ID, PARENT_ID, VALUE_TEXT) VALUES ('COUNTRY', 2, 33, 'Brasilien');

INSERT INTO COUNTRIES (COUNTRY_ID, ISO2, ISO3, DIALING_CODE, IS_EU, IS_ACTIVE, LAST_MODIFIED_BY) VALUES (34, 'IO', 'IOT', '+246', FALSE, TRUE, 1);
INSERT INTO TRANSLATIONS (CODE, LANGUAGE_ID, PARENT_ID, VALUE_TEXT) VALUES ('COUNTRY', 1, 34, 'British Indian Ocean Territory');
INSERT INTO TRANSLATIONS (CODE, LANGUAGE_ID, PARENT_ID, VALUE_TEXT) VALUES ('COUNTRY', 2, 34, 'Britisches Territorium im Indischen Ozean');

INSERT INTO COUNTRIES (COUNTRY_ID, ISO2, ISO3, DIALING_CODE, IS_EU, IS_ACTIVE, LAST_MODIFIED_BY) VALUES (35, 'BN', 'BRN', '+673', FALSE, TRUE, 1);
INSERT INTO TRANSLATIONS (CODE, LANGUAGE_ID, PARENT_ID, VALUE_TEXT) VALUES ('COUNTRY', 1, 35, 'Brunei');
INSERT INTO TRANSLATIONS (CODE, LANGUAGE_ID, PARENT_ID, VALUE_TEXT) VALUES ('COUNTRY', 2, 35, 'Brunei');

INSERT INTO COUNTRIES (COUNTRY_ID, ISO2, ISO3, DIALING_CODE, IS_EU, IS_ACTIVE, LAST_MODIFIED_BY) VALUES (36, 'BG', 'BGR', '+359', TRUE, TRUE, 1);
INSERT INTO TRANSLATIONS (CODE, LANGUAGE_ID, PARENT_ID, VALUE_TEXT) VALUES ('COUNTRY', 1, 36, 'Bulgaria');
INSERT INTO TRANSLATIONS (CODE, LANGUAGE_ID, PARENT_ID, VALUE_TEXT) VALUES ('COUNTRY', 2, 36, 'Bulgarien');

INSERT INTO COUNTRIES (COUNTRY_ID, ISO2, ISO3, DIALING_CODE, IS_EU, IS_ACTIVE, LAST_MODIFIED_BY) VALUES (37, 'BF', 'BFA', '+226', FALSE, TRUE, 1);
INSERT INTO TRANSLATIONS (CODE, LANGUAGE_ID, PARENT_ID, VALUE_TEXT) VALUES ('COUNTRY', 1, 37, 'Burkina Faso');
INSERT INTO TRANSLATIONS (CODE, LANGUAGE_ID, PARENT_ID, VALUE_TEXT) VALUES ('COUNTRY', 2, 37, 'Burkina Faso');

INSERT INTO COUNTRIES (COUNTRY_ID, ISO2, ISO3, DIALING_CODE, IS_EU, IS_ACTIVE, LAST_MODIFIED_BY) VALUES (38, 'BI', 'BDI', '+257', FALSE, TRUE, 1);
INSERT INTO TRANSLATIONS (CODE, LANGUAGE_ID, PARENT_ID, VALUE_TEXT) VALUES ('COUNTRY', 1, 38, 'Burundi');
INSERT INTO TRANSLATIONS (CODE, LANGUAGE_ID, PARENT_ID, VALUE_TEXT) VALUES ('COUNTRY', 2, 38, 'Burundi');

INSERT INTO COUNTRIES (COUNTRY_ID, ISO2, ISO3, DIALING_CODE, IS_EU, IS_ACTIVE, LAST_MODIFIED_BY) VALUES (39, 'CL', 'CHL', '+56', FALSE, TRUE, 1);
INSERT INTO TRANSLATIONS (CODE, LANGUAGE_ID, PARENT_ID, VALUE_TEXT) VALUES ('COUNTRY', 1, 39, 'Chile');
INSERT INTO TRANSLATIONS (CODE, LANGUAGE_ID, PARENT_ID, VALUE_TEXT) VALUES ('COUNTRY', 2, 39, 'Chile');

INSERT INTO COUNTRIES (COUNTRY_ID, ISO2, ISO3, DIALING_CODE, IS_EU, IS_ACTIVE, LAST_MODIFIED_BY) VALUES (40, 'CN', 'CHN', '+86', FALSE, TRUE, 1);
INSERT INTO TRANSLATIONS (CODE, LANGUAGE_ID, PARENT_ID, VALUE_TEXT) VALUES ('COUNTRY', 1, 40, 'China');
INSERT INTO TRANSLATIONS (CODE, LANGUAGE_ID, PARENT_ID, VALUE_TEXT) VALUES ('COUNTRY', 2, 40, 'China');

INSERT INTO COUNTRIES (COUNTRY_ID, ISO2, ISO3, DIALING_CODE, IS_EU, IS_ACTIVE, LAST_MODIFIED_BY) VALUES (41, 'CK', 'COK', '+682', FALSE, TRUE, 1);
INSERT INTO TRANSLATIONS (CODE, LANGUAGE_ID, PARENT_ID, VALUE_TEXT) VALUES ('COUNTRY', 1, 41, 'Cook Islands');
INSERT INTO TRANSLATIONS (CODE, LANGUAGE_ID, PARENT_ID, VALUE_TEXT) VALUES ('COUNTRY', 2, 41, 'Cookinseln');

INSERT INTO COUNTRIES (COUNTRY_ID, ISO2, ISO3, DIALING_CODE, IS_EU, IS_ACTIVE, LAST_MODIFIED_BY) VALUES (42, 'CR', 'CRI', '+506', FALSE, TRUE, 1);
INSERT INTO TRANSLATIONS (CODE, LANGUAGE_ID, PARENT_ID, VALUE_TEXT) VALUES ('COUNTRY', 1, 42, 'Costa Rica');
INSERT INTO TRANSLATIONS (CODE, LANGUAGE_ID, PARENT_ID, VALUE_TEXT) VALUES ('COUNTRY', 2, 42, 'Costa Rica');

INSERT INTO COUNTRIES (COUNTRY_ID, ISO2, ISO3, DIALING_CODE, IS_EU, IS_ACTIVE, LAST_MODIFIED_BY) VALUES (43, 'CW', 'CUW', '+599', FALSE, TRUE, 1);
INSERT INTO TRANSLATIONS (CODE, LANGUAGE_ID, PARENT_ID, VALUE_TEXT) VALUES ('COUNTRY', 1, 43, 'Curacao');
INSERT INTO TRANSLATIONS (CODE, LANGUAGE_ID, PARENT_ID, VALUE_TEXT) VALUES ('COUNTRY', 2, 43, 'Curaçao');

INSERT INTO COUNTRIES (COUNTRY_ID, ISO2, ISO3, DIALING_CODE, IS_EU, IS_ACTIVE, LAST_MODIFIED_BY) VALUES (44, 'DK', 'DNK', '+45', TRUE, TRUE, 1);
INSERT INTO TRANSLATIONS (CODE, LANGUAGE_ID, PARENT_ID, VALUE_TEXT) VALUES ('COUNTRY', 1, 44, 'Denmark');
INSERT INTO TRANSLATIONS (CODE, LANGUAGE_ID, PARENT_ID, VALUE_TEXT) VALUES ('COUNTRY', 2, 44, 'Dänemark');

INSERT INTO COUNTRIES (COUNTRY_ID, ISO2, ISO3, DIALING_CODE, IS_EU, IS_ACTIVE, LAST_MODIFIED_BY) VALUES (45, 'CD', 'COD', '+243', FALSE, TRUE, 1);
INSERT INTO TRANSLATIONS (CODE, LANGUAGE_ID, PARENT_ID, VALUE_TEXT) VALUES ('COUNTRY', 1, 45, 'Democratic Republic of the Congo');
INSERT INTO TRANSLATIONS (CODE, LANGUAGE_ID, PARENT_ID, VALUE_TEXT) VALUES ('COUNTRY', 2, 45, 'Demokratische Republik Kongo');

INSERT INTO COUNTRIES (COUNTRY_ID, ISO2, ISO3, DIALING_CODE, IS_EU, IS_ACTIVE, LAST_MODIFIED_BY) VALUES (46, 'DE', 'DEU', '+49', TRUE, TRUE, 1);
INSERT INTO TRANSLATIONS (CODE, LANGUAGE_ID, PARENT_ID, VALUE_TEXT) VALUES ('COUNTRY', 1, 46, 'Germany');
INSERT INTO TRANSLATIONS (CODE, LANGUAGE_ID, PARENT_ID, VALUE_TEXT) VALUES ('COUNTRY', 2, 46, 'Deutschland');

INSERT INTO COUNTRIES (COUNTRY_ID, ISO2, ISO3, DIALING_CODE, IS_EU, IS_ACTIVE, LAST_MODIFIED_BY) VALUES (47, 'DM', 'DMA', '+1-767', FALSE, TRUE, 1);
INSERT INTO TRANSLATIONS (CODE, LANGUAGE_ID, PARENT_ID, VALUE_TEXT) VALUES ('COUNTRY', 1, 47, 'Dominica');
INSERT INTO TRANSLATIONS (CODE, LANGUAGE_ID, PARENT_ID, VALUE_TEXT) VALUES ('COUNTRY', 2, 47, 'Dominica');

INSERT INTO COUNTRIES (COUNTRY_ID, ISO2, ISO3, DIALING_CODE, IS_EU, IS_ACTIVE, LAST_MODIFIED_BY) VALUES (48, 'DO', 'DOM', '+1-809', FALSE, TRUE, 1);
INSERT INTO TRANSLATIONS (CODE, LANGUAGE_ID, PARENT_ID, VALUE_TEXT) VALUES ('COUNTRY', 1, 48, 'Dominican Republic');
INSERT INTO TRANSLATIONS (CODE, LANGUAGE_ID, PARENT_ID, VALUE_TEXT) VALUES ('COUNTRY', 2, 48, 'Dominikanische Republik');

INSERT INTO COUNTRIES (COUNTRY_ID, ISO2, ISO3, DIALING_CODE, IS_EU, IS_ACTIVE, LAST_MODIFIED_BY) VALUES (49, 'DJ', 'DJI', '+253', FALSE, TRUE, 1);
INSERT INTO TRANSLATIONS (CODE, LANGUAGE_ID, PARENT_ID, VALUE_TEXT) VALUES ('COUNTRY', 1, 49, 'Djibouti');
INSERT INTO TRANSLATIONS (CODE, LANGUAGE_ID, PARENT_ID, VALUE_TEXT) VALUES ('COUNTRY', 2, 49, 'Dschibuti');

INSERT INTO COUNTRIES (COUNTRY_ID, ISO2, ISO3, DIALING_CODE, IS_EU, IS_ACTIVE, LAST_MODIFIED_BY) VALUES (50, 'EC', 'ECU', '+593', FALSE, TRUE, 1);
INSERT INTO TRANSLATIONS (CODE, LANGUAGE_ID, PARENT_ID, VALUE_TEXT) VALUES ('COUNTRY', 1, 50, 'Ecuador');
INSERT INTO TRANSLATIONS (CODE, LANGUAGE_ID, PARENT_ID, VALUE_TEXT) VALUES ('COUNTRY', 2, 50, 'Ecuador');

INSERT INTO COUNTRIES (COUNTRY_ID, ISO2, ISO3, DIALING_CODE, IS_EU, IS_ACTIVE, LAST_MODIFIED_BY) VALUES (51, 'SV', 'SLV', '+503', FALSE, TRUE, 1);
INSERT INTO TRANSLATIONS (CODE, LANGUAGE_ID, PARENT_ID, VALUE_TEXT) VALUES ('COUNTRY', 1, 51, 'El Salvador');
INSERT INTO TRANSLATIONS (CODE, LANGUAGE_ID, PARENT_ID, VALUE_TEXT) VALUES ('COUNTRY', 2, 51, 'El Salvador');

INSERT INTO COUNTRIES (COUNTRY_ID, ISO2, ISO3, DIALING_CODE, IS_EU, IS_ACTIVE, LAST_MODIFIED_BY) VALUES (52, 'CI', 'CIV', '+225', FALSE, TRUE, 1);
INSERT INTO TRANSLATIONS (CODE, LANGUAGE_ID, PARENT_ID, VALUE_TEXT) VALUES ('COUNTRY', 1, 52, 'Ivory Coast');
INSERT INTO TRANSLATIONS (CODE, LANGUAGE_ID, PARENT_ID, VALUE_TEXT) VALUES ('COUNTRY', 2, 52, 'Elfenbeinküste');

INSERT INTO COUNTRIES (COUNTRY_ID, ISO2, ISO3, DIALING_CODE, IS_EU, IS_ACTIVE, LAST_MODIFIED_BY) VALUES (53, 'ER', 'ERI', '+291', FALSE, TRUE, 1);
INSERT INTO TRANSLATIONS (CODE, LANGUAGE_ID, PARENT_ID, VALUE_TEXT) VALUES ('COUNTRY', 1, 53, 'Eritrea');
INSERT INTO TRANSLATIONS (CODE, LANGUAGE_ID, PARENT_ID, VALUE_TEXT) VALUES ('COUNTRY', 2, 53, 'Eritrea');

INSERT INTO COUNTRIES (COUNTRY_ID, ISO2, ISO3, DIALING_CODE, IS_EU, IS_ACTIVE, LAST_MODIFIED_BY) VALUES (54, 'EE', 'EST', '+372', TRUE, TRUE, 1);
INSERT INTO TRANSLATIONS (CODE, LANGUAGE_ID, PARENT_ID, VALUE_TEXT) VALUES ('COUNTRY', 1, 54, 'Estonia');
INSERT INTO TRANSLATIONS (CODE, LANGUAGE_ID, PARENT_ID, VALUE_TEXT) VALUES ('COUNTRY', 2, 54, 'Estland');

INSERT INTO COUNTRIES (COUNTRY_ID, ISO2, ISO3, DIALING_CODE, IS_EU, IS_ACTIVE, LAST_MODIFIED_BY) VALUES (55, 'SZ', 'SWZ', '+268', FALSE, TRUE, 1);
INSERT INTO TRANSLATIONS (CODE, LANGUAGE_ID, PARENT_ID, VALUE_TEXT) VALUES ('COUNTRY', 1, 55, 'Eswatini');
INSERT INTO TRANSLATIONS (CODE, LANGUAGE_ID, PARENT_ID, VALUE_TEXT) VALUES ('COUNTRY', 2, 55, 'Eswatini');

INSERT INTO COUNTRIES (COUNTRY_ID, ISO2, ISO3, DIALING_CODE, IS_EU, IS_ACTIVE, LAST_MODIFIED_BY) VALUES (56, 'FK', 'FLK', '+500', FALSE, TRUE, 1);
INSERT INTO TRANSLATIONS (CODE, LANGUAGE_ID, PARENT_ID, VALUE_TEXT) VALUES ('COUNTRY', 1, 56, 'Falkland Islands');
INSERT INTO TRANSLATIONS (CODE, LANGUAGE_ID, PARENT_ID, VALUE_TEXT) VALUES ('COUNTRY', 2, 56, 'Falklandinseln');

INSERT INTO COUNTRIES (COUNTRY_ID, ISO2, ISO3, DIALING_CODE, IS_EU, IS_ACTIVE, LAST_MODIFIED_BY) VALUES (57, 'FO', 'FRO', '+298', FALSE, TRUE, 1);
INSERT INTO TRANSLATIONS (CODE, LANGUAGE_ID, PARENT_ID, VALUE_TEXT) VALUES ('COUNTRY', 1, 57, 'Faroe Islands');
INSERT INTO TRANSLATIONS (CODE, LANGUAGE_ID, PARENT_ID, VALUE_TEXT) VALUES ('COUNTRY', 2, 57, 'Färöer-Inseln');

INSERT INTO COUNTRIES (COUNTRY_ID, ISO2, ISO3, DIALING_CODE, IS_EU, IS_ACTIVE, LAST_MODIFIED_BY) VALUES (58, 'FJ', 'FJI', '+679', FALSE, TRUE, 1);
INSERT INTO TRANSLATIONS (CODE, LANGUAGE_ID, PARENT_ID, VALUE_TEXT) VALUES ('COUNTRY', 1, 58, 'Fiji');
INSERT INTO TRANSLATIONS (CODE, LANGUAGE_ID, PARENT_ID, VALUE_TEXT) VALUES ('COUNTRY', 2, 58, 'Fidschi');

INSERT INTO COUNTRIES (COUNTRY_ID, ISO2, ISO3, DIALING_CODE, IS_EU, IS_ACTIVE, LAST_MODIFIED_BY) VALUES (59, 'FI', 'FIN', '+358', TRUE, TRUE, 1);
INSERT INTO TRANSLATIONS (CODE, LANGUAGE_ID, PARENT_ID, VALUE_TEXT) VALUES ('COUNTRY', 1, 59, 'Finland');
INSERT INTO TRANSLATIONS (CODE, LANGUAGE_ID, PARENT_ID, VALUE_TEXT) VALUES ('COUNTRY', 2, 59, 'Finnland');

INSERT INTO COUNTRIES (COUNTRY_ID, ISO2, ISO3, DIALING_CODE, IS_EU, IS_ACTIVE, LAST_MODIFIED_BY) VALUES (60, 'FM', 'FSM', '+691', FALSE, TRUE, 1);
INSERT INTO TRANSLATIONS (CODE, LANGUAGE_ID, PARENT_ID, VALUE_TEXT) VALUES ('COUNTRY', 1, 60, 'Federated States of Micronesia');
INSERT INTO TRANSLATIONS (CODE, LANGUAGE_ID, PARENT_ID, VALUE_TEXT) VALUES ('COUNTRY', 2, 60, 'Föderierte Staaten von Mikronesien');

INSERT INTO COUNTRIES (COUNTRY_ID, ISO2, ISO3, DIALING_CODE, IS_EU, IS_ACTIVE, LAST_MODIFIED_BY) VALUES (61, 'FR', 'FRA', '+33', TRUE, TRUE, 1);
INSERT INTO TRANSLATIONS (CODE, LANGUAGE_ID, PARENT_ID, VALUE_TEXT) VALUES ('COUNTRY', 1, 61, 'France');
INSERT INTO TRANSLATIONS (CODE, LANGUAGE_ID, PARENT_ID, VALUE_TEXT) VALUES ('COUNTRY', 2, 61, 'Frankreich');

INSERT INTO COUNTRIES (COUNTRY_ID, ISO2, ISO3, DIALING_CODE, IS_EU, IS_ACTIVE, LAST_MODIFIED_BY) VALUES (62, 'GF', 'GUF', '+594', FALSE, TRUE, 1);
INSERT INTO TRANSLATIONS (CODE, LANGUAGE_ID, PARENT_ID, VALUE_TEXT) VALUES ('COUNTRY', 1, 62, 'French Guiana');
INSERT INTO TRANSLATIONS (CODE, LANGUAGE_ID, PARENT_ID, VALUE_TEXT) VALUES ('COUNTRY', 2, 62, 'Französisch-Guayana');

INSERT INTO COUNTRIES (COUNTRY_ID, ISO2, ISO3, DIALING_CODE, IS_EU, IS_ACTIVE, LAST_MODIFIED_BY) VALUES (63, 'PF', 'PYF', '+689', FALSE, TRUE, 1);
INSERT INTO TRANSLATIONS (CODE, LANGUAGE_ID, PARENT_ID, VALUE_TEXT) VALUES ('COUNTRY', 1, 63, 'French Polynesia');
INSERT INTO TRANSLATIONS (CODE, LANGUAGE_ID, PARENT_ID, VALUE_TEXT) VALUES ('COUNTRY', 2, 63, 'Französisch-Polynesien');

INSERT INTO COUNTRIES (COUNTRY_ID, ISO2, ISO3, DIALING_CODE, IS_EU, IS_ACTIVE, LAST_MODIFIED_BY) VALUES (64, 'TF', 'ATF', '+', FALSE, TRUE, 1);
INSERT INTO TRANSLATIONS (CODE, LANGUAGE_ID, PARENT_ID, VALUE_TEXT) VALUES ('COUNTRY', 1, 64, 'French Southern and Antarctic Lands');
INSERT INTO TRANSLATIONS (CODE, LANGUAGE_ID, PARENT_ID, VALUE_TEXT) VALUES ('COUNTRY', 2, 64, 'Französische Süd- und Antarktisgebiete');

INSERT INTO COUNTRIES (COUNTRY_ID, ISO2, ISO3, DIALING_CODE, IS_EU, IS_ACTIVE, LAST_MODIFIED_BY) VALUES (65, 'MC', 'MCO', '+377', FALSE, TRUE, 1);
INSERT INTO TRANSLATIONS (CODE, LANGUAGE_ID, PARENT_ID, VALUE_TEXT) VALUES ('COUNTRY', 1, 65, 'Principality of Monaco');
INSERT INTO TRANSLATIONS (CODE, LANGUAGE_ID, PARENT_ID, VALUE_TEXT) VALUES ('COUNTRY', 2, 65, 'Fürstentum Monaco');

INSERT INTO COUNTRIES (COUNTRY_ID, ISO2, ISO3, DIALING_CODE, IS_EU, IS_ACTIVE, LAST_MODIFIED_BY) VALUES (66, 'GA', 'GAB', '+241', FALSE, TRUE, 1);
INSERT INTO TRANSLATIONS (CODE, LANGUAGE_ID, PARENT_ID, VALUE_TEXT) VALUES ('COUNTRY', 1, 66, 'Gabon');
INSERT INTO TRANSLATIONS (CODE, LANGUAGE_ID, PARENT_ID, VALUE_TEXT) VALUES ('COUNTRY', 2, 66, 'Gabun');

INSERT INTO COUNTRIES (COUNTRY_ID, ISO2, ISO3, DIALING_CODE, IS_EU, IS_ACTIVE, LAST_MODIFIED_BY) VALUES (67, 'GM', 'GMB', '+220', FALSE, TRUE, 1);
INSERT INTO TRANSLATIONS (CODE, LANGUAGE_ID, PARENT_ID, VALUE_TEXT) VALUES ('COUNTRY', 1, 67, 'Gambia');
INSERT INTO TRANSLATIONS (CODE, LANGUAGE_ID, PARENT_ID, VALUE_TEXT) VALUES ('COUNTRY', 2, 67, 'Gambia');

INSERT INTO COUNTRIES (COUNTRY_ID, ISO2, ISO3, DIALING_CODE, IS_EU, IS_ACTIVE, LAST_MODIFIED_BY) VALUES (68, 'GE', 'GEO', '+995', FALSE, TRUE, 1);
INSERT INTO TRANSLATIONS (CODE, LANGUAGE_ID, PARENT_ID, VALUE_TEXT) VALUES ('COUNTRY', 1, 68, 'Georgia');
INSERT INTO TRANSLATIONS (CODE, LANGUAGE_ID, PARENT_ID, VALUE_TEXT) VALUES ('COUNTRY', 2, 68, 'Georgien');

INSERT INTO COUNTRIES (COUNTRY_ID, ISO2, ISO3, DIALING_CODE, IS_EU, IS_ACTIVE, LAST_MODIFIED_BY) VALUES (69, 'GH', 'GHA', '+233', FALSE, TRUE, 1);
INSERT INTO TRANSLATIONS (CODE, LANGUAGE_ID, PARENT_ID, VALUE_TEXT) VALUES ('COUNTRY', 1, 69, 'Ghana');
INSERT INTO TRANSLATIONS (CODE, LANGUAGE_ID, PARENT_ID, VALUE_TEXT) VALUES ('COUNTRY', 2, 69, 'Ghana');

INSERT INTO COUNTRIES (COUNTRY_ID, ISO2, ISO3, DIALING_CODE, IS_EU, IS_ACTIVE, LAST_MODIFIED_BY) VALUES (70, 'GI', 'GIB', '+350', FALSE, TRUE, 1);
INSERT INTO TRANSLATIONS (CODE, LANGUAGE_ID, PARENT_ID, VALUE_TEXT) VALUES ('COUNTRY', 1, 70, 'Gibraltar');
INSERT INTO TRANSLATIONS (CODE, LANGUAGE_ID, PARENT_ID, VALUE_TEXT) VALUES ('COUNTRY', 2, 70, 'Gibraltar');

INSERT INTO COUNTRIES (COUNTRY_ID, ISO2, ISO3, DIALING_CODE, IS_EU, IS_ACTIVE, LAST_MODIFIED_BY) VALUES (71, 'GD', 'GRD', '+1-473', FALSE, TRUE, 1);
INSERT INTO TRANSLATIONS (CODE, LANGUAGE_ID, PARENT_ID, VALUE_TEXT) VALUES ('COUNTRY', 1, 71, 'Grenada');
INSERT INTO TRANSLATIONS (CODE, LANGUAGE_ID, PARENT_ID, VALUE_TEXT) VALUES ('COUNTRY', 2, 71, 'Grenada');

INSERT INTO COUNTRIES (COUNTRY_ID, ISO2, ISO3, DIALING_CODE, IS_EU, IS_ACTIVE, LAST_MODIFIED_BY) VALUES (72, 'GR', 'GRC', '+30', TRUE, TRUE, 1);
INSERT INTO TRANSLATIONS (CODE, LANGUAGE_ID, PARENT_ID, VALUE_TEXT) VALUES ('COUNTRY', 1, 72, 'Greece');
INSERT INTO TRANSLATIONS (CODE, LANGUAGE_ID, PARENT_ID, VALUE_TEXT) VALUES ('COUNTRY', 2, 72, 'Griechenland');

INSERT INTO COUNTRIES (COUNTRY_ID, ISO2, ISO3, DIALING_CODE, IS_EU, IS_ACTIVE, LAST_MODIFIED_BY) VALUES (73, 'GL', 'GRL', '+299', FALSE, TRUE, 1);
INSERT INTO TRANSLATIONS (CODE, LANGUAGE_ID, PARENT_ID, VALUE_TEXT) VALUES ('COUNTRY', 1, 73, 'Greenland');
INSERT INTO TRANSLATIONS (CODE, LANGUAGE_ID, PARENT_ID, VALUE_TEXT) VALUES ('COUNTRY', 2, 73, 'Grönland');

INSERT INTO COUNTRIES (COUNTRY_ID, ISO2, ISO3, DIALING_CODE, IS_EU, IS_ACTIVE, LAST_MODIFIED_BY) VALUES (74, 'GP', 'GLP', '+590', FALSE, TRUE, 1);
INSERT INTO TRANSLATIONS (CODE, LANGUAGE_ID, PARENT_ID, VALUE_TEXT) VALUES ('COUNTRY', 1, 74, 'Guadeloupe');
INSERT INTO TRANSLATIONS (CODE, LANGUAGE_ID, PARENT_ID, VALUE_TEXT) VALUES ('COUNTRY', 2, 74, 'Guadeloupe');

INSERT INTO COUNTRIES (COUNTRY_ID, ISO2, ISO3, DIALING_CODE, IS_EU, IS_ACTIVE, LAST_MODIFIED_BY) VALUES (75, 'GU', 'GUM', '+1-671', FALSE, TRUE, 1);
INSERT INTO TRANSLATIONS (CODE, LANGUAGE_ID, PARENT_ID, VALUE_TEXT) VALUES ('COUNTRY', 1, 75, 'Guam');
INSERT INTO TRANSLATIONS (CODE, LANGUAGE_ID, PARENT_ID, VALUE_TEXT) VALUES ('COUNTRY', 2, 75, 'Guam');

INSERT INTO COUNTRIES (COUNTRY_ID, ISO2, ISO3, DIALING_CODE, IS_EU, IS_ACTIVE, LAST_MODIFIED_BY) VALUES (76, 'GT', 'GTM', '+502', FALSE, TRUE, 1);
INSERT INTO TRANSLATIONS (CODE, LANGUAGE_ID, PARENT_ID, VALUE_TEXT) VALUES ('COUNTRY', 1, 76, 'Guatemala');
INSERT INTO TRANSLATIONS (CODE, LANGUAGE_ID, PARENT_ID, VALUE_TEXT) VALUES ('COUNTRY', 2, 76, 'Guatemala');

INSERT INTO COUNTRIES (COUNTRY_ID, ISO2, ISO3, DIALING_CODE, IS_EU, IS_ACTIVE, LAST_MODIFIED_BY) VALUES (77, 'GG', 'GGY', '+44-1481', FALSE, TRUE, 1);
INSERT INTO TRANSLATIONS (CODE, LANGUAGE_ID, PARENT_ID, VALUE_TEXT) VALUES ('COUNTRY', 1, 77, 'Guernsey');
INSERT INTO TRANSLATIONS (CODE, LANGUAGE_ID, PARENT_ID, VALUE_TEXT) VALUES ('COUNTRY', 2, 77, 'Guernsey');

INSERT INTO COUNTRIES (COUNTRY_ID, ISO2, ISO3, DIALING_CODE, IS_EU, IS_ACTIVE, LAST_MODIFIED_BY) VALUES (78, 'GN', 'GIN', '+224', FALSE, TRUE, 1);
INSERT INTO TRANSLATIONS (CODE, LANGUAGE_ID, PARENT_ID, VALUE_TEXT) VALUES ('COUNTRY', 1, 78, 'Guinea');
INSERT INTO TRANSLATIONS (CODE, LANGUAGE_ID, PARENT_ID, VALUE_TEXT) VALUES ('COUNTRY', 2, 78, 'Guinea');

INSERT INTO COUNTRIES (COUNTRY_ID, ISO2, ISO3, DIALING_CODE, IS_EU, IS_ACTIVE, LAST_MODIFIED_BY) VALUES (79, 'GW', 'GNB', '+245', FALSE, TRUE, 1);
INSERT INTO TRANSLATIONS (CODE, LANGUAGE_ID, PARENT_ID, VALUE_TEXT) VALUES ('COUNTRY', 1, 79, 'Guinea-Bissau');
INSERT INTO TRANSLATIONS (CODE, LANGUAGE_ID, PARENT_ID, VALUE_TEXT) VALUES ('COUNTRY', 2, 79, 'Guinea-Bissau');

INSERT INTO COUNTRIES (COUNTRY_ID, ISO2, ISO3, DIALING_CODE, IS_EU, IS_ACTIVE, LAST_MODIFIED_BY) VALUES (80, 'GY', 'GUY', '+592', FALSE, TRUE, 1);
INSERT INTO TRANSLATIONS (CODE, LANGUAGE_ID, PARENT_ID, VALUE_TEXT) VALUES ('COUNTRY', 1, 80, 'Guyana');
INSERT INTO TRANSLATIONS (CODE, LANGUAGE_ID, PARENT_ID, VALUE_TEXT) VALUES ('COUNTRY', 2, 80, 'Guyana');

INSERT INTO COUNTRIES (COUNTRY_ID, ISO2, ISO3, DIALING_CODE, IS_EU, IS_ACTIVE, LAST_MODIFIED_BY) VALUES (81, 'HT', 'HTI', '+509', FALSE, TRUE, 1);
INSERT INTO TRANSLATIONS (CODE, LANGUAGE_ID, PARENT_ID, VALUE_TEXT) VALUES ('COUNTRY', 1, 81, 'Haiti');
INSERT INTO TRANSLATIONS (CODE, LANGUAGE_ID, PARENT_ID, VALUE_TEXT) VALUES ('COUNTRY', 2, 81, 'Haiti');

INSERT INTO COUNTRIES (COUNTRY_ID, ISO2, ISO3, DIALING_CODE, IS_EU, IS_ACTIVE, LAST_MODIFIED_BY) VALUES (82, 'HM', 'HMD', '+', FALSE, TRUE, 1);
INSERT INTO TRANSLATIONS (CODE, LANGUAGE_ID, PARENT_ID, VALUE_TEXT) VALUES ('COUNTRY', 1, 82, 'Heard Island and McDonald Islands');
INSERT INTO TRANSLATIONS (CODE, LANGUAGE_ID, PARENT_ID, VALUE_TEXT) VALUES ('COUNTRY', 2, 82, 'Heard und McDonald Inseln');

INSERT INTO COUNTRIES (COUNTRY_ID, ISO2, ISO3, DIALING_CODE, IS_EU, IS_ACTIVE, LAST_MODIFIED_BY) VALUES (83, 'HN', 'HND', '+504', FALSE, TRUE, 1);
INSERT INTO TRANSLATIONS (CODE, LANGUAGE_ID, PARENT_ID, VALUE_TEXT) VALUES ('COUNTRY', 1, 83, 'Honduras');
INSERT INTO TRANSLATIONS (CODE, LANGUAGE_ID, PARENT_ID, VALUE_TEXT) VALUES ('COUNTRY', 2, 83, 'Honduras');

INSERT INTO COUNTRIES (COUNTRY_ID, ISO2, ISO3, DIALING_CODE, IS_EU, IS_ACTIVE, LAST_MODIFIED_BY) VALUES (84, 'HK', 'HKG', '+852', FALSE, TRUE, 1);
INSERT INTO TRANSLATIONS (CODE, LANGUAGE_ID, PARENT_ID, VALUE_TEXT) VALUES ('COUNTRY', 1, 84, 'Hong Kong');
INSERT INTO TRANSLATIONS (CODE, LANGUAGE_ID, PARENT_ID, VALUE_TEXT) VALUES ('COUNTRY', 2, 84, 'Hongkong');

INSERT INTO COUNTRIES (COUNTRY_ID, ISO2, ISO3, DIALING_CODE, IS_EU, IS_ACTIVE, LAST_MODIFIED_BY) VALUES (85, 'IN', 'IND', '+91', FALSE, TRUE, 1);
INSERT INTO TRANSLATIONS (CODE, LANGUAGE_ID, PARENT_ID, VALUE_TEXT) VALUES ('COUNTRY', 1, 85, 'India');
INSERT INTO TRANSLATIONS (CODE, LANGUAGE_ID, PARENT_ID, VALUE_TEXT) VALUES ('COUNTRY', 2, 85, 'Indien');

INSERT INTO COUNTRIES (COUNTRY_ID, ISO2, ISO3, DIALING_CODE, IS_EU, IS_ACTIVE, LAST_MODIFIED_BY) VALUES (86, 'ID', 'IDN', '+62', FALSE, TRUE, 1);
INSERT INTO TRANSLATIONS (CODE, LANGUAGE_ID, PARENT_ID, VALUE_TEXT) VALUES ('COUNTRY', 1, 86, 'Indonesia');
INSERT INTO TRANSLATIONS (CODE, LANGUAGE_ID, PARENT_ID, VALUE_TEXT) VALUES ('COUNTRY', 2, 86, 'Indonesien');

INSERT INTO COUNTRIES (COUNTRY_ID, ISO2, ISO3, DIALING_CODE, IS_EU, IS_ACTIVE, LAST_MODIFIED_BY) VALUES (87, 'IM', 'IMN', '+44-1624', FALSE, TRUE, 1);
INSERT INTO TRANSLATIONS (CODE, LANGUAGE_ID, PARENT_ID, VALUE_TEXT) VALUES ('COUNTRY', 1, 87, 'Isle of Man');
INSERT INTO TRANSLATIONS (CODE, LANGUAGE_ID, PARENT_ID, VALUE_TEXT) VALUES ('COUNTRY', 2, 87, 'Insel Man');

INSERT INTO COUNTRIES (COUNTRY_ID, ISO2, ISO3, DIALING_CODE, IS_EU, IS_ACTIVE, LAST_MODIFIED_BY) VALUES (88, 'IQ', 'IRQ', '+964', FALSE, TRUE, 1);
INSERT INTO TRANSLATIONS (CODE, LANGUAGE_ID, PARENT_ID, VALUE_TEXT) VALUES ('COUNTRY', 1, 88, 'Iraq');
INSERT INTO TRANSLATIONS (CODE, LANGUAGE_ID, PARENT_ID, VALUE_TEXT) VALUES ('COUNTRY', 2, 88, 'Irak');

INSERT INTO COUNTRIES (COUNTRY_ID, ISO2, ISO3, DIALING_CODE, IS_EU, IS_ACTIVE, LAST_MODIFIED_BY) VALUES (89, 'IR', 'IRN', '+98', FALSE, TRUE, 1);
INSERT INTO TRANSLATIONS (CODE, LANGUAGE_ID, PARENT_ID, VALUE_TEXT) VALUES ('COUNTRY', 1, 89, 'Iran');
INSERT INTO TRANSLATIONS (CODE, LANGUAGE_ID, PARENT_ID, VALUE_TEXT) VALUES ('COUNTRY', 2, 89, 'Iran');

INSERT INTO COUNTRIES (COUNTRY_ID, ISO2, ISO3, DIALING_CODE, IS_EU, IS_ACTIVE, LAST_MODIFIED_BY) VALUES (90, 'IE', 'IRL', '+353', TRUE, TRUE, 1);
INSERT INTO TRANSLATIONS (CODE, LANGUAGE_ID, PARENT_ID, VALUE_TEXT) VALUES ('COUNTRY', 1, 90, 'Ireland');
INSERT INTO TRANSLATIONS (CODE, LANGUAGE_ID, PARENT_ID, VALUE_TEXT) VALUES ('COUNTRY', 2, 90, 'Irland');

INSERT INTO COUNTRIES (COUNTRY_ID, ISO2, ISO3, DIALING_CODE, IS_EU, IS_ACTIVE, LAST_MODIFIED_BY) VALUES (91, 'IS', 'ISL', '+354', FALSE, TRUE, 1);
INSERT INTO TRANSLATIONS (CODE, LANGUAGE_ID, PARENT_ID, VALUE_TEXT) VALUES ('COUNTRY', 1, 91, 'Iceland');
INSERT INTO TRANSLATIONS (CODE, LANGUAGE_ID, PARENT_ID, VALUE_TEXT) VALUES ('COUNTRY', 2, 91, 'Island');

INSERT INTO COUNTRIES (COUNTRY_ID, ISO2, ISO3, DIALING_CODE, IS_EU, IS_ACTIVE, LAST_MODIFIED_BY) VALUES (92, 'IL', 'ISR', '+972', FALSE, TRUE, 1);
INSERT INTO TRANSLATIONS (CODE, LANGUAGE_ID, PARENT_ID, VALUE_TEXT) VALUES ('COUNTRY', 1, 92, 'Israel');
INSERT INTO TRANSLATIONS (CODE, LANGUAGE_ID, PARENT_ID, VALUE_TEXT) VALUES ('COUNTRY', 2, 92, 'Israel');

INSERT INTO COUNTRIES (COUNTRY_ID, ISO2, ISO3, DIALING_CODE, IS_EU, IS_ACTIVE, LAST_MODIFIED_BY) VALUES (93, 'IT', 'ITA', '+39', TRUE, TRUE, 1);
INSERT INTO TRANSLATIONS (CODE, LANGUAGE_ID, PARENT_ID, VALUE_TEXT) VALUES ('COUNTRY', 1, 93, 'Italy');
INSERT INTO TRANSLATIONS (CODE, LANGUAGE_ID, PARENT_ID, VALUE_TEXT) VALUES ('COUNTRY', 2, 93, 'Italien');

INSERT INTO COUNTRIES (COUNTRY_ID, ISO2, ISO3, DIALING_CODE, IS_EU, IS_ACTIVE, LAST_MODIFIED_BY) VALUES (94, 'JM', 'JAM', '+1-876', FALSE, TRUE, 1);
INSERT INTO TRANSLATIONS (CODE, LANGUAGE_ID, PARENT_ID, VALUE_TEXT) VALUES ('COUNTRY', 1, 94, 'Jamaica');
INSERT INTO TRANSLATIONS (CODE, LANGUAGE_ID, PARENT_ID, VALUE_TEXT) VALUES ('COUNTRY', 2, 94, 'Jamaika');

INSERT INTO COUNTRIES (COUNTRY_ID, ISO2, ISO3, DIALING_CODE, IS_EU, IS_ACTIVE, LAST_MODIFIED_BY) VALUES (95, 'JP', 'JPN', '+81', FALSE, TRUE, 1);
INSERT INTO TRANSLATIONS (CODE, LANGUAGE_ID, PARENT_ID, VALUE_TEXT) VALUES ('COUNTRY', 1, 95, 'Japan');
INSERT INTO TRANSLATIONS (CODE, LANGUAGE_ID, PARENT_ID, VALUE_TEXT) VALUES ('COUNTRY', 2, 95, 'Japan');

INSERT INTO COUNTRIES (COUNTRY_ID, ISO2, ISO3, DIALING_CODE, IS_EU, IS_ACTIVE, LAST_MODIFIED_BY) VALUES (96, 'YE', 'YEM', '+967', FALSE, TRUE, 1);
INSERT INTO TRANSLATIONS (CODE, LANGUAGE_ID, PARENT_ID, VALUE_TEXT) VALUES ('COUNTRY', 1, 96, 'Yemen');
INSERT INTO TRANSLATIONS (CODE, LANGUAGE_ID, PARENT_ID, VALUE_TEXT) VALUES ('COUNTRY', 2, 96, 'Jemen');

INSERT INTO COUNTRIES (COUNTRY_ID, ISO2, ISO3, DIALING_CODE, IS_EU, IS_ACTIVE, LAST_MODIFIED_BY) VALUES (97, 'JE', 'JEY', '+44-1534', FALSE, TRUE, 1);
INSERT INTO TRANSLATIONS (CODE, LANGUAGE_ID, PARENT_ID, VALUE_TEXT) VALUES ('COUNTRY', 1, 97, 'Jersey');
INSERT INTO TRANSLATIONS (CODE, LANGUAGE_ID, PARENT_ID, VALUE_TEXT) VALUES ('COUNTRY', 2, 97, 'Jersey');

INSERT INTO COUNTRIES (COUNTRY_ID, ISO2, ISO3, DIALING_CODE, IS_EU, IS_ACTIVE, LAST_MODIFIED_BY) VALUES (98, 'JO', 'JOR', '+962', FALSE, TRUE, 1);
INSERT INTO TRANSLATIONS (CODE, LANGUAGE_ID, PARENT_ID, VALUE_TEXT) VALUES ('COUNTRY', 1, 98, 'Jordan');
INSERT INTO TRANSLATIONS (CODE, LANGUAGE_ID, PARENT_ID, VALUE_TEXT) VALUES ('COUNTRY', 2, 98, 'Jordanien');

INSERT INTO COUNTRIES (COUNTRY_ID, ISO2, ISO3, DIALING_CODE, IS_EU, IS_ACTIVE, LAST_MODIFIED_BY) VALUES (99, 'VG', 'VGB', '+1-284', FALSE, TRUE, 1);
INSERT INTO TRANSLATIONS (CODE, LANGUAGE_ID, PARENT_ID, VALUE_TEXT) VALUES ('COUNTRY', 1, 99, 'British Virgin Islands');
INSERT INTO TRANSLATIONS (CODE, LANGUAGE_ID, PARENT_ID, VALUE_TEXT) VALUES ('COUNTRY', 2, 99, 'Jungferninseln (UK)');

INSERT INTO COUNTRIES (COUNTRY_ID, ISO2, ISO3, DIALING_CODE, IS_EU, IS_ACTIVE, LAST_MODIFIED_BY) VALUES (100, 'VI', 'VIR', '+1-340', FALSE, TRUE, 1);
INSERT INTO TRANSLATIONS (CODE, LANGUAGE_ID, PARENT_ID, VALUE_TEXT) VALUES ('COUNTRY', 1, 100, 'Virgin Islands');
INSERT INTO TRANSLATIONS (CODE, LANGUAGE_ID, PARENT_ID, VALUE_TEXT) VALUES ('COUNTRY', 2, 100, 'Jungferninseln (US)');

INSERT INTO COUNTRIES (COUNTRY_ID, ISO2, ISO3, DIALING_CODE, IS_EU, IS_ACTIVE, LAST_MODIFIED_BY) VALUES (101, 'KY', 'CYM', '+1-345', FALSE, TRUE, 1);
INSERT INTO TRANSLATIONS (CODE, LANGUAGE_ID, PARENT_ID, VALUE_TEXT) VALUES ('COUNTRY', 1, 101, 'Cayman Islands');
INSERT INTO TRANSLATIONS (CODE, LANGUAGE_ID, PARENT_ID, VALUE_TEXT) VALUES ('COUNTRY', 2, 101, 'Kaimaninseln');

INSERT INTO COUNTRIES (COUNTRY_ID, ISO2, ISO3, DIALING_CODE, IS_EU, IS_ACTIVE, LAST_MODIFIED_BY) VALUES (102, 'KH', 'KHM', '+855', FALSE, TRUE, 1);
INSERT INTO TRANSLATIONS (CODE, LANGUAGE_ID, PARENT_ID, VALUE_TEXT) VALUES ('COUNTRY', 1, 102, 'Cambodia');
INSERT INTO TRANSLATIONS (CODE, LANGUAGE_ID, PARENT_ID, VALUE_TEXT) VALUES ('COUNTRY', 2, 102, 'Kambodscha');

INSERT INTO COUNTRIES (COUNTRY_ID, ISO2, ISO3, DIALING_CODE, IS_EU, IS_ACTIVE, LAST_MODIFIED_BY) VALUES (103, 'CM', 'CMR', '+237', FALSE, TRUE, 1);
INSERT INTO TRANSLATIONS (CODE, LANGUAGE_ID, PARENT_ID, VALUE_TEXT) VALUES ('COUNTRY', 1, 103, 'Cameroon');
INSERT INTO TRANSLATIONS (CODE, LANGUAGE_ID, PARENT_ID, VALUE_TEXT) VALUES ('COUNTRY', 2, 103, 'Kamerun');

INSERT INTO COUNTRIES (COUNTRY_ID, ISO2, ISO3, DIALING_CODE, IS_EU, IS_ACTIVE, LAST_MODIFIED_BY) VALUES (104, 'CA', 'CAN', '+1', FALSE, TRUE, 1);
INSERT INTO TRANSLATIONS (CODE, LANGUAGE_ID, PARENT_ID, VALUE_TEXT) VALUES ('COUNTRY', 1, 104, 'Canada');
INSERT INTO TRANSLATIONS (CODE, LANGUAGE_ID, PARENT_ID, VALUE_TEXT) VALUES ('COUNTRY', 2, 104, 'Kanada');

INSERT INTO COUNTRIES (COUNTRY_ID, ISO2, ISO3, DIALING_CODE, IS_EU, IS_ACTIVE, LAST_MODIFIED_BY) VALUES (105, 'CV', 'CPV', '+238', FALSE, TRUE, 1);
INSERT INTO TRANSLATIONS (CODE, LANGUAGE_ID, PARENT_ID, VALUE_TEXT) VALUES ('COUNTRY', 1, 105, 'Cape Verde');
INSERT INTO TRANSLATIONS (CODE, LANGUAGE_ID, PARENT_ID, VALUE_TEXT) VALUES ('COUNTRY', 2, 105, 'Kap Verde');

INSERT INTO COUNTRIES (COUNTRY_ID, ISO2, ISO3, DIALING_CODE, IS_EU, IS_ACTIVE, LAST_MODIFIED_BY) VALUES (106, 'BQ', 'BES', '+599', FALSE, TRUE, 1);
INSERT INTO TRANSLATIONS (CODE, LANGUAGE_ID, PARENT_ID, VALUE_TEXT) VALUES ('COUNTRY', 1, 106, 'Caribbean Netherlands');
INSERT INTO TRANSLATIONS (CODE, LANGUAGE_ID, PARENT_ID, VALUE_TEXT) VALUES ('COUNTRY', 2, 106, 'Karibische Niederlande');

INSERT INTO COUNTRIES (COUNTRY_ID, ISO2, ISO3, DIALING_CODE, IS_EU, IS_ACTIVE, LAST_MODIFIED_BY) VALUES (107, 'KZ', 'KAZ', '+997', FALSE, TRUE, 1);
INSERT INTO TRANSLATIONS (CODE, LANGUAGE_ID, PARENT_ID, VALUE_TEXT) VALUES ('COUNTRY', 1, 107, 'Kazakhstan');
INSERT INTO TRANSLATIONS (CODE, LANGUAGE_ID, PARENT_ID, VALUE_TEXT) VALUES ('COUNTRY', 2, 107, 'Kasachstan');

INSERT INTO COUNTRIES (COUNTRY_ID, ISO2, ISO3, DIALING_CODE, IS_EU, IS_ACTIVE, LAST_MODIFIED_BY) VALUES (108, 'QA', 'QAT', '+974', FALSE, TRUE, 1);
INSERT INTO TRANSLATIONS (CODE, LANGUAGE_ID, PARENT_ID, VALUE_TEXT) VALUES ('COUNTRY', 1, 108, 'Qatar');
INSERT INTO TRANSLATIONS (CODE, LANGUAGE_ID, PARENT_ID, VALUE_TEXT) VALUES ('COUNTRY', 2, 108, 'Katar');

INSERT INTO COUNTRIES (COUNTRY_ID, ISO2, ISO3, DIALING_CODE, IS_EU, IS_ACTIVE, LAST_MODIFIED_BY) VALUES (109, 'KE', 'KEN', '+254', FALSE, TRUE, 1);
INSERT INTO TRANSLATIONS (CODE, LANGUAGE_ID, PARENT_ID, VALUE_TEXT) VALUES ('COUNTRY', 1, 109, 'Kenya');
INSERT INTO TRANSLATIONS (CODE, LANGUAGE_ID, PARENT_ID, VALUE_TEXT) VALUES ('COUNTRY', 2, 109, 'Kenia');

INSERT INTO COUNTRIES (COUNTRY_ID, ISO2, ISO3, DIALING_CODE, IS_EU, IS_ACTIVE, LAST_MODIFIED_BY) VALUES (110, 'KG', 'KGZ', '+996', FALSE, TRUE, 1);
INSERT INTO TRANSLATIONS (CODE, LANGUAGE_ID, PARENT_ID, VALUE_TEXT) VALUES ('COUNTRY', 1, 110, 'Kyrgyzstan');
INSERT INTO TRANSLATIONS (CODE, LANGUAGE_ID, PARENT_ID, VALUE_TEXT) VALUES ('COUNTRY', 2, 110, 'Kirgisistan');

INSERT INTO COUNTRIES (COUNTRY_ID, ISO2, ISO3, DIALING_CODE, IS_EU, IS_ACTIVE, LAST_MODIFIED_BY) VALUES (111, 'KI', 'KIR', '+686', FALSE, TRUE, 1);
INSERT INTO TRANSLATIONS (CODE, LANGUAGE_ID, PARENT_ID, VALUE_TEXT) VALUES ('COUNTRY', 1, 111, 'Kiribati');
INSERT INTO TRANSLATIONS (CODE, LANGUAGE_ID, PARENT_ID, VALUE_TEXT) VALUES ('COUNTRY', 2, 111, 'Kiribati');

INSERT INTO COUNTRIES (COUNTRY_ID, ISO2, ISO3, DIALING_CODE, IS_EU, IS_ACTIVE, LAST_MODIFIED_BY) VALUES (112, 'UM', 'UMI', '+1', FALSE, TRUE, 1);
INSERT INTO TRANSLATIONS (CODE, LANGUAGE_ID, PARENT_ID, VALUE_TEXT) VALUES ('COUNTRY', 1, 112, 'United States Minor Outlying Islands');
INSERT INTO TRANSLATIONS (CODE, LANGUAGE_ID, PARENT_ID, VALUE_TEXT) VALUES ('COUNTRY', 2, 112, 'Kleinere abgelegene Inseln der Vereinigten Staaten');

INSERT INTO COUNTRIES (COUNTRY_ID, ISO2, ISO3, DIALING_CODE, IS_EU, IS_ACTIVE, LAST_MODIFIED_BY) VALUES (113, 'CC', 'CCK', '+61-891', FALSE, TRUE, 1);
INSERT INTO TRANSLATIONS (CODE, LANGUAGE_ID, PARENT_ID, VALUE_TEXT) VALUES ('COUNTRY', 1, 113, 'Cocos (Keeling) Islands');
INSERT INTO TRANSLATIONS (CODE, LANGUAGE_ID, PARENT_ID, VALUE_TEXT) VALUES ('COUNTRY', 2, 113, 'Kokosinseln');

INSERT INTO COUNTRIES (COUNTRY_ID, ISO2, ISO3, DIALING_CODE, IS_EU, IS_ACTIVE, LAST_MODIFIED_BY) VALUES (114, 'CO', 'COL', '+57', FALSE, TRUE, 1);
INSERT INTO TRANSLATIONS (CODE, LANGUAGE_ID, PARENT_ID, VALUE_TEXT) VALUES ('COUNTRY', 1, 114, 'Colombia');
INSERT INTO TRANSLATIONS (CODE, LANGUAGE_ID, PARENT_ID, VALUE_TEXT) VALUES ('COUNTRY', 2, 114, 'Kolumbien');

INSERT INTO COUNTRIES (COUNTRY_ID, ISO2, ISO3, DIALING_CODE, IS_EU, IS_ACTIVE, LAST_MODIFIED_BY) VALUES (115, 'KM', 'COM', '+269', FALSE, TRUE, 1);
INSERT INTO TRANSLATIONS (CODE, LANGUAGE_ID, PARENT_ID, VALUE_TEXT) VALUES ('COUNTRY', 1, 115, 'Comoros');
INSERT INTO TRANSLATIONS (CODE, LANGUAGE_ID, PARENT_ID, VALUE_TEXT) VALUES ('COUNTRY', 2, 115, 'Komoren');

INSERT INTO COUNTRIES (COUNTRY_ID, ISO2, ISO3, DIALING_CODE, IS_EU, IS_ACTIVE, LAST_MODIFIED_BY) VALUES (116, 'XK', 'XXK', '+383', FALSE, TRUE, 1);
INSERT INTO TRANSLATIONS (CODE, LANGUAGE_ID, PARENT_ID, VALUE_TEXT) VALUES ('COUNTRY', 1, 116, 'Kosovo');
INSERT INTO TRANSLATIONS (CODE, LANGUAGE_ID, PARENT_ID, VALUE_TEXT) VALUES ('COUNTRY', 2, 116, 'Kosovo');

INSERT INTO COUNTRIES (COUNTRY_ID, ISO2, ISO3, DIALING_CODE, IS_EU, IS_ACTIVE, LAST_MODIFIED_BY) VALUES (117, 'HR', 'HRV', '+385', TRUE, TRUE, 1);
INSERT INTO TRANSLATIONS (CODE, LANGUAGE_ID, PARENT_ID, VALUE_TEXT) VALUES ('COUNTRY', 1, 117, 'Croatia');
INSERT INTO TRANSLATIONS (CODE, LANGUAGE_ID, PARENT_ID, VALUE_TEXT) VALUES ('COUNTRY', 2, 117, 'Kroatien');

INSERT INTO COUNTRIES (COUNTRY_ID, ISO2, ISO3, DIALING_CODE, IS_EU, IS_ACTIVE, LAST_MODIFIED_BY) VALUES (118, 'CU', 'CUB', '+53', FALSE, TRUE, 1);
INSERT INTO TRANSLATIONS (CODE, LANGUAGE_ID, PARENT_ID, VALUE_TEXT) VALUES ('COUNTRY', 1, 118, 'Cuba');
INSERT INTO TRANSLATIONS (CODE, LANGUAGE_ID, PARENT_ID, VALUE_TEXT) VALUES ('COUNTRY', 2, 118, 'Kuba');

INSERT INTO COUNTRIES (COUNTRY_ID, ISO2, ISO3, DIALING_CODE, IS_EU, IS_ACTIVE, LAST_MODIFIED_BY) VALUES (119, 'KW', 'KWT', '+965', FALSE, TRUE, 1);
INSERT INTO TRANSLATIONS (CODE, LANGUAGE_ID, PARENT_ID, VALUE_TEXT) VALUES ('COUNTRY', 1, 119, 'Kuwait');
INSERT INTO TRANSLATIONS (CODE, LANGUAGE_ID, PARENT_ID, VALUE_TEXT) VALUES ('COUNTRY', 2, 119, 'Kuwait');

INSERT INTO COUNTRIES (COUNTRY_ID, ISO2, ISO3, DIALING_CODE, IS_EU, IS_ACTIVE, LAST_MODIFIED_BY) VALUES (120, 'LA', 'LAO', '+856', FALSE, TRUE, 1);
INSERT INTO TRANSLATIONS (CODE, LANGUAGE_ID, PARENT_ID, VALUE_TEXT) VALUES ('COUNTRY', 1, 120, 'Laos');
INSERT INTO TRANSLATIONS (CODE, LANGUAGE_ID, PARENT_ID, VALUE_TEXT) VALUES ('COUNTRY', 2, 120, 'Laos');

INSERT INTO COUNTRIES (COUNTRY_ID, ISO2, ISO3, DIALING_CODE, IS_EU, IS_ACTIVE, LAST_MODIFIED_BY) VALUES (121, 'LS', 'LSO', '+266', FALSE, TRUE, 1);
INSERT INTO TRANSLATIONS (CODE, LANGUAGE_ID, PARENT_ID, VALUE_TEXT) VALUES ('COUNTRY', 1, 121, 'Lesotho');
INSERT INTO TRANSLATIONS (CODE, LANGUAGE_ID, PARENT_ID, VALUE_TEXT) VALUES ('COUNTRY', 2, 121, 'Lesotho');

INSERT INTO COUNTRIES (COUNTRY_ID, ISO2, ISO3, DIALING_CODE, IS_EU, IS_ACTIVE, LAST_MODIFIED_BY) VALUES (122, 'LV', 'LVA', '+371', TRUE, TRUE, 1);
INSERT INTO TRANSLATIONS (CODE, LANGUAGE_ID, PARENT_ID, VALUE_TEXT) VALUES ('COUNTRY', 1, 122, 'Latvia');
INSERT INTO TRANSLATIONS (CODE, LANGUAGE_ID, PARENT_ID, VALUE_TEXT) VALUES ('COUNTRY', 2, 122, 'Lettland');

INSERT INTO COUNTRIES (COUNTRY_ID, ISO2, ISO3, DIALING_CODE, IS_EU, IS_ACTIVE, LAST_MODIFIED_BY) VALUES (123, 'LB', 'LBN', '+961', FALSE, TRUE, 1);
INSERT INTO TRANSLATIONS (CODE, LANGUAGE_ID, PARENT_ID, VALUE_TEXT) VALUES ('COUNTRY', 1, 123, 'Lebanon');
INSERT INTO TRANSLATIONS (CODE, LANGUAGE_ID, PARENT_ID, VALUE_TEXT) VALUES ('COUNTRY', 2, 123, 'Libanon');

INSERT INTO COUNTRIES (COUNTRY_ID, ISO2, ISO3, DIALING_CODE, IS_EU, IS_ACTIVE, LAST_MODIFIED_BY) VALUES (124, 'LR', 'LBR', '+231', FALSE, TRUE, 1);
INSERT INTO TRANSLATIONS (CODE, LANGUAGE_ID, PARENT_ID, VALUE_TEXT) VALUES ('COUNTRY', 1, 124, 'Liberia');
INSERT INTO TRANSLATIONS (CODE, LANGUAGE_ID, PARENT_ID, VALUE_TEXT) VALUES ('COUNTRY', 2, 124, 'Liberia');

INSERT INTO COUNTRIES (COUNTRY_ID, ISO2, ISO3, DIALING_CODE, IS_EU, IS_ACTIVE, LAST_MODIFIED_BY) VALUES (125, 'LY', 'LBY', '+218', FALSE, TRUE, 1);
INSERT INTO TRANSLATIONS (CODE, LANGUAGE_ID, PARENT_ID, VALUE_TEXT) VALUES ('COUNTRY', 1, 125, 'Libya');
INSERT INTO TRANSLATIONS (CODE, LANGUAGE_ID, PARENT_ID, VALUE_TEXT) VALUES ('COUNTRY', 2, 125, 'Libyen');

INSERT INTO COUNTRIES (COUNTRY_ID, ISO2, ISO3, DIALING_CODE, IS_EU, IS_ACTIVE, LAST_MODIFIED_BY) VALUES (126, 'LI', 'LIE', '+423', FALSE, TRUE, 1);
INSERT INTO TRANSLATIONS (CODE, LANGUAGE_ID, PARENT_ID, VALUE_TEXT) VALUES ('COUNTRY', 1, 126, 'Liechtenstein');
INSERT INTO TRANSLATIONS (CODE, LANGUAGE_ID, PARENT_ID, VALUE_TEXT) VALUES ('COUNTRY', 2, 126, 'Liechtenstein');

INSERT INTO COUNTRIES (COUNTRY_ID, ISO2, ISO3, DIALING_CODE, IS_EU, IS_ACTIVE, LAST_MODIFIED_BY) VALUES (127, 'LT', 'LTU', '+370', TRUE, TRUE, 1);
INSERT INTO TRANSLATIONS (CODE, LANGUAGE_ID, PARENT_ID, VALUE_TEXT) VALUES ('COUNTRY', 1, 127, 'Lithuania');
INSERT INTO TRANSLATIONS (CODE, LANGUAGE_ID, PARENT_ID, VALUE_TEXT) VALUES ('COUNTRY', 2, 127, 'Litauen');

INSERT INTO COUNTRIES (COUNTRY_ID, ISO2, ISO3, DIALING_CODE, IS_EU, IS_ACTIVE, LAST_MODIFIED_BY) VALUES (128, 'LU', 'LUX', '+352', TRUE, TRUE, 1);
INSERT INTO TRANSLATIONS (CODE, LANGUAGE_ID, PARENT_ID, VALUE_TEXT) VALUES ('COUNTRY', 1, 128, 'Luxembourg');
INSERT INTO TRANSLATIONS (CODE, LANGUAGE_ID, PARENT_ID, VALUE_TEXT) VALUES ('COUNTRY', 2, 128, 'Luxemburg');

INSERT INTO COUNTRIES (COUNTRY_ID, ISO2, ISO3, DIALING_CODE, IS_EU, IS_ACTIVE, LAST_MODIFIED_BY) VALUES (129, 'MO', 'MAC', '+853', FALSE, TRUE, 1);
INSERT INTO TRANSLATIONS (CODE, LANGUAGE_ID, PARENT_ID, VALUE_TEXT) VALUES ('COUNTRY', 1, 129, 'Macao');
INSERT INTO TRANSLATIONS (CODE, LANGUAGE_ID, PARENT_ID, VALUE_TEXT) VALUES ('COUNTRY', 2, 129, 'Macau');

INSERT INTO COUNTRIES (COUNTRY_ID, ISO2, ISO3, DIALING_CODE, IS_EU, IS_ACTIVE, LAST_MODIFIED_BY) VALUES (130, 'MG', 'MDG', '+261', FALSE, TRUE, 1);
INSERT INTO TRANSLATIONS (CODE, LANGUAGE_ID, PARENT_ID, VALUE_TEXT) VALUES ('COUNTRY', 1, 130, 'Madagascar');
INSERT INTO TRANSLATIONS (CODE, LANGUAGE_ID, PARENT_ID, VALUE_TEXT) VALUES ('COUNTRY', 2, 130, 'Madagaskar');

INSERT INTO COUNTRIES (COUNTRY_ID, ISO2, ISO3, DIALING_CODE, IS_EU, IS_ACTIVE, LAST_MODIFIED_BY) VALUES (131, 'MW', 'MWI', '+265', FALSE, TRUE, 1);
INSERT INTO TRANSLATIONS (CODE, LANGUAGE_ID, PARENT_ID, VALUE_TEXT) VALUES ('COUNTRY', 1, 131, 'Malawi');
INSERT INTO TRANSLATIONS (CODE, LANGUAGE_ID, PARENT_ID, VALUE_TEXT) VALUES ('COUNTRY', 2, 131, 'Malawi');

INSERT INTO COUNTRIES (COUNTRY_ID, ISO2, ISO3, DIALING_CODE, IS_EU, IS_ACTIVE, LAST_MODIFIED_BY) VALUES (132, 'MY', 'MYS', '+60', FALSE, TRUE, 1);
INSERT INTO TRANSLATIONS (CODE, LANGUAGE_ID, PARENT_ID, VALUE_TEXT) VALUES ('COUNTRY', 1, 132, 'Malaysia');
INSERT INTO TRANSLATIONS (CODE, LANGUAGE_ID, PARENT_ID, VALUE_TEXT) VALUES ('COUNTRY', 2, 132, 'Malaysia');

INSERT INTO COUNTRIES (COUNTRY_ID, ISO2, ISO3, DIALING_CODE, IS_EU, IS_ACTIVE, LAST_MODIFIED_BY) VALUES (133, 'MV', 'MDV', '+960', FALSE, TRUE, 1);
INSERT INTO TRANSLATIONS (CODE, LANGUAGE_ID, PARENT_ID, VALUE_TEXT) VALUES ('COUNTRY', 1, 133, 'Maldives');
INSERT INTO TRANSLATIONS (CODE, LANGUAGE_ID, PARENT_ID, VALUE_TEXT) VALUES ('COUNTRY', 2, 133, 'Malediven');

INSERT INTO COUNTRIES (COUNTRY_ID, ISO2, ISO3, DIALING_CODE, IS_EU, IS_ACTIVE, LAST_MODIFIED_BY) VALUES (134, 'ML', 'MLI', '+223', FALSE, TRUE, 1);
INSERT INTO TRANSLATIONS (CODE, LANGUAGE_ID, PARENT_ID, VALUE_TEXT) VALUES ('COUNTRY', 1, 134, 'Mali');
INSERT INTO TRANSLATIONS (CODE, LANGUAGE_ID, PARENT_ID, VALUE_TEXT) VALUES ('COUNTRY', 2, 134, 'Mali');

INSERT INTO COUNTRIES (COUNTRY_ID, ISO2, ISO3, DIALING_CODE, IS_EU, IS_ACTIVE, LAST_MODIFIED_BY) VALUES (135, 'MT', 'MLT', '+356', TRUE, TRUE, 1);
INSERT INTO TRANSLATIONS (CODE, LANGUAGE_ID, PARENT_ID, VALUE_TEXT) VALUES ('COUNTRY', 1, 135, 'Malta');
INSERT INTO TRANSLATIONS (CODE, LANGUAGE_ID, PARENT_ID, VALUE_TEXT) VALUES ('COUNTRY', 2, 135, 'Malta');

INSERT INTO COUNTRIES (COUNTRY_ID, ISO2, ISO3, DIALING_CODE, IS_EU, IS_ACTIVE, LAST_MODIFIED_BY) VALUES (136, 'MA', 'MAR', '+212', FALSE, TRUE, 1);
INSERT INTO TRANSLATIONS (CODE, LANGUAGE_ID, PARENT_ID, VALUE_TEXT) VALUES ('COUNTRY', 1, 136, 'Morocco');
INSERT INTO TRANSLATIONS (CODE, LANGUAGE_ID, PARENT_ID, VALUE_TEXT) VALUES ('COUNTRY', 2, 136, 'Marokko');

INSERT INTO COUNTRIES (COUNTRY_ID, ISO2, ISO3, DIALING_CODE, IS_EU, IS_ACTIVE, LAST_MODIFIED_BY) VALUES (137, 'MH', 'MHL', '+692', FALSE, TRUE, 1);
INSERT INTO TRANSLATIONS (CODE, LANGUAGE_ID, PARENT_ID, VALUE_TEXT) VALUES ('COUNTRY', 1, 137, 'Marshall Islands');
INSERT INTO TRANSLATIONS (CODE, LANGUAGE_ID, PARENT_ID, VALUE_TEXT) VALUES ('COUNTRY', 2, 137, 'Marshallinseln');

INSERT INTO COUNTRIES (COUNTRY_ID, ISO2, ISO3, DIALING_CODE, IS_EU, IS_ACTIVE, LAST_MODIFIED_BY) VALUES (138, 'MQ', 'MTQ', '+596', FALSE, TRUE, 1);
INSERT INTO TRANSLATIONS (CODE, LANGUAGE_ID, PARENT_ID, VALUE_TEXT) VALUES ('COUNTRY', 1, 138, 'Martinique');
INSERT INTO TRANSLATIONS (CODE, LANGUAGE_ID, PARENT_ID, VALUE_TEXT) VALUES ('COUNTRY', 2, 138, 'Martinique');

INSERT INTO COUNTRIES (COUNTRY_ID, ISO2, ISO3, DIALING_CODE, IS_EU, IS_ACTIVE, LAST_MODIFIED_BY) VALUES (139, 'MR', 'MRT', '+222', FALSE, TRUE, 1);
INSERT INTO TRANSLATIONS (CODE, LANGUAGE_ID, PARENT_ID, VALUE_TEXT) VALUES ('COUNTRY', 1, 139, 'Mauritania');
INSERT INTO TRANSLATIONS (CODE, LANGUAGE_ID, PARENT_ID, VALUE_TEXT) VALUES ('COUNTRY', 2, 139, 'Mauretanien');

INSERT INTO COUNTRIES (COUNTRY_ID, ISO2, ISO3, DIALING_CODE, IS_EU, IS_ACTIVE, LAST_MODIFIED_BY) VALUES (140, 'MU', 'MUS', '+230', FALSE, TRUE, 1);
INSERT INTO TRANSLATIONS (CODE, LANGUAGE_ID, PARENT_ID, VALUE_TEXT) VALUES ('COUNTRY', 1, 140, 'Mauritius');
INSERT INTO TRANSLATIONS (CODE, LANGUAGE_ID, PARENT_ID, VALUE_TEXT) VALUES ('COUNTRY', 2, 140, 'Mauritius');

INSERT INTO COUNTRIES (COUNTRY_ID, ISO2, ISO3, DIALING_CODE, IS_EU, IS_ACTIVE, LAST_MODIFIED_BY) VALUES (141, 'YT', 'MYT', '+262', FALSE, TRUE, 1);
INSERT INTO TRANSLATIONS (CODE, LANGUAGE_ID, PARENT_ID, VALUE_TEXT) VALUES ('COUNTRY', 1, 141, 'Mayotte');
INSERT INTO TRANSLATIONS (CODE, LANGUAGE_ID, PARENT_ID, VALUE_TEXT) VALUES ('COUNTRY', 2, 141, 'Mayotte');

INSERT INTO COUNTRIES (COUNTRY_ID, ISO2, ISO3, DIALING_CODE, IS_EU, IS_ACTIVE, LAST_MODIFIED_BY) VALUES (142, 'MX', 'MEX', '+52', FALSE, TRUE, 1);
INSERT INTO TRANSLATIONS (CODE, LANGUAGE_ID, PARENT_ID, VALUE_TEXT) VALUES ('COUNTRY', 1, 142, 'Mexico');
INSERT INTO TRANSLATIONS (CODE, LANGUAGE_ID, PARENT_ID, VALUE_TEXT) VALUES ('COUNTRY', 2, 142, 'Mexiko');

INSERT INTO COUNTRIES (COUNTRY_ID, ISO2, ISO3, DIALING_CODE, IS_EU, IS_ACTIVE, LAST_MODIFIED_BY) VALUES (143, 'MD', 'MDA', '+373', FALSE, TRUE, 1);
INSERT INTO TRANSLATIONS (CODE, LANGUAGE_ID, PARENT_ID, VALUE_TEXT) VALUES ('COUNTRY', 1, 143, 'Moldova');
INSERT INTO TRANSLATIONS (CODE, LANGUAGE_ID, PARENT_ID, VALUE_TEXT) VALUES ('COUNTRY', 2, 143, 'Moldawien');

INSERT INTO COUNTRIES (COUNTRY_ID, ISO2, ISO3, DIALING_CODE, IS_EU, IS_ACTIVE, LAST_MODIFIED_BY) VALUES (144, 'MN', 'MNG', '+976', FALSE, TRUE, 1);
INSERT INTO TRANSLATIONS (CODE, LANGUAGE_ID, PARENT_ID, VALUE_TEXT) VALUES ('COUNTRY', 1, 144, 'Mongolia');
INSERT INTO TRANSLATIONS (CODE, LANGUAGE_ID, PARENT_ID, VALUE_TEXT) VALUES ('COUNTRY', 2, 144, 'Mongolei');

INSERT INTO COUNTRIES (COUNTRY_ID, ISO2, ISO3, DIALING_CODE, IS_EU, IS_ACTIVE, LAST_MODIFIED_BY) VALUES (145, 'ME', 'MNE', '+382', FALSE, TRUE, 1);
INSERT INTO TRANSLATIONS (CODE, LANGUAGE_ID, PARENT_ID, VALUE_TEXT) VALUES ('COUNTRY', 1, 145, 'Montenegro');
INSERT INTO TRANSLATIONS (CODE, LANGUAGE_ID, PARENT_ID, VALUE_TEXT) VALUES ('COUNTRY', 2, 145, 'Montenegro');

INSERT INTO COUNTRIES (COUNTRY_ID, ISO2, ISO3, DIALING_CODE, IS_EU, IS_ACTIVE, LAST_MODIFIED_BY) VALUES (146, 'MS', 'MSR', '+1-664', FALSE, TRUE, 1);
INSERT INTO TRANSLATIONS (CODE, LANGUAGE_ID, PARENT_ID, VALUE_TEXT) VALUES ('COUNTRY', 1, 146, 'Montserrat');
INSERT INTO TRANSLATIONS (CODE, LANGUAGE_ID, PARENT_ID, VALUE_TEXT) VALUES ('COUNTRY', 2, 146, 'Montserrat');

INSERT INTO COUNTRIES (COUNTRY_ID, ISO2, ISO3, DIALING_CODE, IS_EU, IS_ACTIVE, LAST_MODIFIED_BY) VALUES (147, 'MZ', 'MOZ', '+258', FALSE, TRUE, 1);
INSERT INTO TRANSLATIONS (CODE, LANGUAGE_ID, PARENT_ID, VALUE_TEXT) VALUES ('COUNTRY', 1, 147, 'Mozambique');
INSERT INTO TRANSLATIONS (CODE, LANGUAGE_ID, PARENT_ID, VALUE_TEXT) VALUES ('COUNTRY', 2, 147, 'Mosambik');

INSERT INTO COUNTRIES (COUNTRY_ID, ISO2, ISO3, DIALING_CODE, IS_EU, IS_ACTIVE, LAST_MODIFIED_BY) VALUES (148, 'MM', 'MMR', '+95', FALSE, TRUE, 1);
INSERT INTO TRANSLATIONS (CODE, LANGUAGE_ID, PARENT_ID, VALUE_TEXT) VALUES ('COUNTRY', 1, 148, 'Myanmar');
INSERT INTO TRANSLATIONS (CODE, LANGUAGE_ID, PARENT_ID, VALUE_TEXT) VALUES ('COUNTRY', 2, 148, 'Myanmar');

INSERT INTO COUNTRIES (COUNTRY_ID, ISO2, ISO3, DIALING_CODE, IS_EU, IS_ACTIVE, LAST_MODIFIED_BY) VALUES (149, 'NA', 'NAM', '+264', FALSE, TRUE, 1);
INSERT INTO TRANSLATIONS (CODE, LANGUAGE_ID, PARENT_ID, VALUE_TEXT) VALUES ('COUNTRY', 1, 149, 'Namibia');
INSERT INTO TRANSLATIONS (CODE, LANGUAGE_ID, PARENT_ID, VALUE_TEXT) VALUES ('COUNTRY', 2, 149, 'Namibia');

INSERT INTO COUNTRIES (COUNTRY_ID, ISO2, ISO3, DIALING_CODE, IS_EU, IS_ACTIVE, LAST_MODIFIED_BY) VALUES (150, 'NR', 'NRU', '+674', FALSE, TRUE, 1);
INSERT INTO TRANSLATIONS (CODE, LANGUAGE_ID, PARENT_ID, VALUE_TEXT) VALUES ('COUNTRY', 1, 150, 'Nauru');
INSERT INTO TRANSLATIONS (CODE, LANGUAGE_ID, PARENT_ID, VALUE_TEXT) VALUES ('COUNTRY', 2, 150, 'Nauru');

INSERT INTO COUNTRIES (COUNTRY_ID, ISO2, ISO3, DIALING_CODE, IS_EU, IS_ACTIVE, LAST_MODIFIED_BY) VALUES (151, 'NP', 'NPL', '+977', FALSE, TRUE, 1);
INSERT INTO TRANSLATIONS (CODE, LANGUAGE_ID, PARENT_ID, VALUE_TEXT) VALUES ('COUNTRY', 1, 151, 'Nepal');
INSERT INTO TRANSLATIONS (CODE, LANGUAGE_ID, PARENT_ID, VALUE_TEXT) VALUES ('COUNTRY', 2, 151, 'Nepal');

INSERT INTO COUNTRIES (COUNTRY_ID, ISO2, ISO3, DIALING_CODE, IS_EU, IS_ACTIVE, LAST_MODIFIED_BY) VALUES (152, 'NC', 'NCL', '+687', FALSE, TRUE, 1);
INSERT INTO TRANSLATIONS (CODE, LANGUAGE_ID, PARENT_ID, VALUE_TEXT) VALUES ('COUNTRY', 1, 152, 'New Caledonia');
INSERT INTO TRANSLATIONS (CODE, LANGUAGE_ID, PARENT_ID, VALUE_TEXT) VALUES ('COUNTRY', 2, 152, 'Neukaledonien');

INSERT INTO COUNTRIES (COUNTRY_ID, ISO2, ISO3, DIALING_CODE, IS_EU, IS_ACTIVE, LAST_MODIFIED_BY) VALUES (153, 'NZ', 'NZL', '+64', FALSE, TRUE, 1);
INSERT INTO TRANSLATIONS (CODE, LANGUAGE_ID, PARENT_ID, VALUE_TEXT) VALUES ('COUNTRY', 1, 153, 'New Zealand');
INSERT INTO TRANSLATIONS (CODE, LANGUAGE_ID, PARENT_ID, VALUE_TEXT) VALUES ('COUNTRY', 2, 153, 'Neuseeland');

INSERT INTO COUNTRIES (COUNTRY_ID, ISO2, ISO3, DIALING_CODE, IS_EU, IS_ACTIVE, LAST_MODIFIED_BY) VALUES (154, 'NI', 'NIC', '+505', FALSE, TRUE, 1);
INSERT INTO TRANSLATIONS (CODE, LANGUAGE_ID, PARENT_ID, VALUE_TEXT) VALUES ('COUNTRY', 1, 154, 'Nicaragua');
INSERT INTO TRANSLATIONS (CODE, LANGUAGE_ID, PARENT_ID, VALUE_TEXT) VALUES ('COUNTRY', 2, 154, 'Nicaragua');

INSERT INTO COUNTRIES (COUNTRY_ID, ISO2, ISO3, DIALING_CODE, IS_EU, IS_ACTIVE, LAST_MODIFIED_BY) VALUES (155, 'NL', 'NLD', '+31', TRUE, TRUE, 1);
INSERT INTO TRANSLATIONS (CODE, LANGUAGE_ID, PARENT_ID, VALUE_TEXT) VALUES ('COUNTRY', 1, 155, 'Netherlands');
INSERT INTO TRANSLATIONS (CODE, LANGUAGE_ID, PARENT_ID, VALUE_TEXT) VALUES ('COUNTRY', 2, 155, 'Niederlande');

INSERT INTO COUNTRIES (COUNTRY_ID, ISO2, ISO3, DIALING_CODE, IS_EU, IS_ACTIVE, LAST_MODIFIED_BY) VALUES (156, 'NE', 'NER', '+227', FALSE, TRUE, 1);
INSERT INTO TRANSLATIONS (CODE, LANGUAGE_ID, PARENT_ID, VALUE_TEXT) VALUES ('COUNTRY', 1, 156, 'Niger');
INSERT INTO TRANSLATIONS (CODE, LANGUAGE_ID, PARENT_ID, VALUE_TEXT) VALUES ('COUNTRY', 2, 156, 'Niger');

INSERT INTO COUNTRIES (COUNTRY_ID, ISO2, ISO3, DIALING_CODE, IS_EU, IS_ACTIVE, LAST_MODIFIED_BY) VALUES (157, 'NG', 'NGA', '+234', FALSE, TRUE, 1);
INSERT INTO TRANSLATIONS (CODE, LANGUAGE_ID, PARENT_ID, VALUE_TEXT) VALUES ('COUNTRY', 1, 157, 'Nigeria');
INSERT INTO TRANSLATIONS (CODE, LANGUAGE_ID, PARENT_ID, VALUE_TEXT) VALUES ('COUNTRY', 2, 157, 'Nigeria');

INSERT INTO COUNTRIES (COUNTRY_ID, ISO2, ISO3, DIALING_CODE, IS_EU, IS_ACTIVE, LAST_MODIFIED_BY) VALUES (158, 'NU', 'NIU', '+683', FALSE, TRUE, 1);
INSERT INTO TRANSLATIONS (CODE, LANGUAGE_ID, PARENT_ID, VALUE_TEXT) VALUES ('COUNTRY', 1, 158, 'Niue');
INSERT INTO TRANSLATIONS (CODE, LANGUAGE_ID, PARENT_ID, VALUE_TEXT) VALUES ('COUNTRY', 2, 158, 'Niue');

INSERT INTO COUNTRIES (COUNTRY_ID, ISO2, ISO3, DIALING_CODE, IS_EU, IS_ACTIVE, LAST_MODIFIED_BY) VALUES (159, 'KP', 'PRK', '+850', FALSE, TRUE, 1);
INSERT INTO TRANSLATIONS (CODE, LANGUAGE_ID, PARENT_ID, VALUE_TEXT) VALUES ('COUNTRY', 1, 159, 'North Korea');
INSERT INTO TRANSLATIONS (CODE, LANGUAGE_ID, PARENT_ID, VALUE_TEXT) VALUES ('COUNTRY', 2, 159, 'Nordkorea');

INSERT INTO COUNTRIES (COUNTRY_ID, ISO2, ISO3, DIALING_CODE, IS_EU, IS_ACTIVE, LAST_MODIFIED_BY) VALUES (160, 'MP', 'MNP', '+1-670', FALSE, TRUE, 1);
INSERT INTO TRANSLATIONS (CODE, LANGUAGE_ID, PARENT_ID, VALUE_TEXT) VALUES ('COUNTRY', 1, 160, 'Northern Mariana Islands');
INSERT INTO TRANSLATIONS (CODE, LANGUAGE_ID, PARENT_ID, VALUE_TEXT) VALUES ('COUNTRY', 2, 160, 'Nördliche Marianen');

INSERT INTO COUNTRIES (COUNTRY_ID, ISO2, ISO3, DIALING_CODE, IS_EU, IS_ACTIVE, LAST_MODIFIED_BY) VALUES (161, 'MK', 'MKD', '+389', FALSE, TRUE, 1);
INSERT INTO TRANSLATIONS (CODE, LANGUAGE_ID, PARENT_ID, VALUE_TEXT) VALUES ('COUNTRY', 1, 161, 'North Macedonia');
INSERT INTO TRANSLATIONS (CODE, LANGUAGE_ID, PARENT_ID, VALUE_TEXT) VALUES ('COUNTRY', 2, 161, 'Nordmazedonien');

INSERT INTO COUNTRIES (COUNTRY_ID, ISO2, ISO3, DIALING_CODE, IS_EU, IS_ACTIVE, LAST_MODIFIED_BY) VALUES (162, 'NF', 'NFK', '+6723', FALSE, TRUE, 1);
INSERT INTO TRANSLATIONS (CODE, LANGUAGE_ID, PARENT_ID, VALUE_TEXT) VALUES ('COUNTRY', 1, 162, 'Norfolk Island');
INSERT INTO TRANSLATIONS (CODE, LANGUAGE_ID, PARENT_ID, VALUE_TEXT) VALUES ('COUNTRY', 2, 162, 'Norfolkinsel');

INSERT INTO COUNTRIES (COUNTRY_ID, ISO2, ISO3, DIALING_CODE, IS_EU, IS_ACTIVE, LAST_MODIFIED_BY) VALUES (163, 'NO', 'NOR', '+47', FALSE, TRUE, 1);
INSERT INTO TRANSLATIONS (CODE, LANGUAGE_ID, PARENT_ID, VALUE_TEXT) VALUES ('COUNTRY', 1, 163, 'Norway');
INSERT INTO TRANSLATIONS (CODE, LANGUAGE_ID, PARENT_ID, VALUE_TEXT) VALUES ('COUNTRY', 2, 163, 'Norwegen');

INSERT INTO COUNTRIES (COUNTRY_ID, ISO2, ISO3, DIALING_CODE, IS_EU, IS_ACTIVE, LAST_MODIFIED_BY) VALUES (164, 'OM', 'OMN', '+968', FALSE, TRUE, 1);
INSERT INTO TRANSLATIONS (CODE, LANGUAGE_ID, PARENT_ID, VALUE_TEXT) VALUES ('COUNTRY', 1, 164, 'Oman');
INSERT INTO TRANSLATIONS (CODE, LANGUAGE_ID, PARENT_ID, VALUE_TEXT) VALUES ('COUNTRY', 2, 164, 'Oman');

INSERT INTO COUNTRIES (COUNTRY_ID, ISO2, ISO3, DIALING_CODE, IS_EU, IS_ACTIVE, LAST_MODIFIED_BY) VALUES (165, 'AT', 'AUT', '+43', TRUE, TRUE, 1);
INSERT INTO TRANSLATIONS (CODE, LANGUAGE_ID, PARENT_ID, VALUE_TEXT) VALUES ('COUNTRY', 1, 165, 'Austria');
INSERT INTO TRANSLATIONS (CODE, LANGUAGE_ID, PARENT_ID, VALUE_TEXT) VALUES ('COUNTRY', 2, 165, 'Österreich');

INSERT INTO COUNTRIES (COUNTRY_ID, ISO2, ISO3, DIALING_CODE, IS_EU, IS_ACTIVE, LAST_MODIFIED_BY) VALUES (166, 'TL', 'TLS', '+670', FALSE, TRUE, 1);
INSERT INTO TRANSLATIONS (CODE, LANGUAGE_ID, PARENT_ID, VALUE_TEXT) VALUES ('COUNTRY', 1, 166, 'East Timor');
INSERT INTO TRANSLATIONS (CODE, LANGUAGE_ID, PARENT_ID, VALUE_TEXT) VALUES ('COUNTRY', 2, 166, 'Osttimor');

INSERT INTO COUNTRIES (COUNTRY_ID, ISO2, ISO3, DIALING_CODE, IS_EU, IS_ACTIVE, LAST_MODIFIED_BY) VALUES (167, 'PK', 'PAK', '+92', FALSE, TRUE, 1);
INSERT INTO TRANSLATIONS (CODE, LANGUAGE_ID, PARENT_ID, VALUE_TEXT) VALUES ('COUNTRY', 1, 167, 'Pakistan');
INSERT INTO TRANSLATIONS (CODE, LANGUAGE_ID, PARENT_ID, VALUE_TEXT) VALUES ('COUNTRY', 2, 167, 'Pakistan');

INSERT INTO COUNTRIES (COUNTRY_ID, ISO2, ISO3, DIALING_CODE, IS_EU, IS_ACTIVE, LAST_MODIFIED_BY) VALUES (168, 'PS', 'PSE', '+970', FALSE, TRUE, 1);
INSERT INTO TRANSLATIONS (CODE, LANGUAGE_ID, PARENT_ID, VALUE_TEXT) VALUES ('COUNTRY', 1, 168, 'Palestine');
INSERT INTO TRANSLATIONS (CODE, LANGUAGE_ID, PARENT_ID, VALUE_TEXT) VALUES ('COUNTRY', 2, 168, 'Palästina');

INSERT INTO COUNTRIES (COUNTRY_ID, ISO2, ISO3, DIALING_CODE, IS_EU, IS_ACTIVE, LAST_MODIFIED_BY) VALUES (169, 'PW', 'PLW', '+680', FALSE, TRUE, 1);
INSERT INTO TRANSLATIONS (CODE, LANGUAGE_ID, PARENT_ID, VALUE_TEXT) VALUES ('COUNTRY', 1, 169, 'Palau');
INSERT INTO TRANSLATIONS (CODE, LANGUAGE_ID, PARENT_ID, VALUE_TEXT) VALUES ('COUNTRY', 2, 169, 'Palau');

INSERT INTO COUNTRIES (COUNTRY_ID, ISO2, ISO3, DIALING_CODE, IS_EU, IS_ACTIVE, LAST_MODIFIED_BY) VALUES (170, 'PA', 'PAN', '+507', FALSE, TRUE, 1);
INSERT INTO TRANSLATIONS (CODE, LANGUAGE_ID, PARENT_ID, VALUE_TEXT) VALUES ('COUNTRY', 1, 170, 'Panama');
INSERT INTO TRANSLATIONS (CODE, LANGUAGE_ID, PARENT_ID, VALUE_TEXT) VALUES ('COUNTRY', 2, 170, 'Panama');

INSERT INTO COUNTRIES (COUNTRY_ID, ISO2, ISO3, DIALING_CODE, IS_EU, IS_ACTIVE, LAST_MODIFIED_BY) VALUES (171, 'PG', 'PNG', '+675', FALSE, TRUE, 1);
INSERT INTO TRANSLATIONS (CODE, LANGUAGE_ID, PARENT_ID, VALUE_TEXT) VALUES ('COUNTRY', 1, 171, 'Papua New Guinea');
INSERT INTO TRANSLATIONS (CODE, LANGUAGE_ID, PARENT_ID, VALUE_TEXT) VALUES ('COUNTRY', 2, 171, 'Papua-Neuguinea');

INSERT INTO COUNTRIES (COUNTRY_ID, ISO2, ISO3, DIALING_CODE, IS_EU, IS_ACTIVE, LAST_MODIFIED_BY) VALUES (172, 'PY', 'PRY', '+595', FALSE, TRUE, 1);
INSERT INTO TRANSLATIONS (CODE, LANGUAGE_ID, PARENT_ID, VALUE_TEXT) VALUES ('COUNTRY', 1, 172, 'Paraguay');
INSERT INTO TRANSLATIONS (CODE, LANGUAGE_ID, PARENT_ID, VALUE_TEXT) VALUES ('COUNTRY', 2, 172, 'Paraguay');

INSERT INTO COUNTRIES (COUNTRY_ID, ISO2, ISO3, DIALING_CODE, IS_EU, IS_ACTIVE, LAST_MODIFIED_BY) VALUES (173, 'PE', 'PER', '+51', FALSE, TRUE, 1);
INSERT INTO TRANSLATIONS (CODE, LANGUAGE_ID, PARENT_ID, VALUE_TEXT) VALUES ('COUNTRY', 1, 173, 'Peru');
INSERT INTO TRANSLATIONS (CODE, LANGUAGE_ID, PARENT_ID, VALUE_TEXT) VALUES ('COUNTRY', 2, 173, 'Peru');

INSERT INTO COUNTRIES (COUNTRY_ID, ISO2, ISO3, DIALING_CODE, IS_EU, IS_ACTIVE, LAST_MODIFIED_BY) VALUES (174, 'PH', 'PHL', '+63', FALSE, TRUE, 1);
INSERT INTO TRANSLATIONS (CODE, LANGUAGE_ID, PARENT_ID, VALUE_TEXT) VALUES ('COUNTRY', 1, 174, 'Philippines');
INSERT INTO TRANSLATIONS (CODE, LANGUAGE_ID, PARENT_ID, VALUE_TEXT) VALUES ('COUNTRY', 2, 174, 'Philippinen');

INSERT INTO COUNTRIES (COUNTRY_ID, ISO2, ISO3, DIALING_CODE, IS_EU, IS_ACTIVE, LAST_MODIFIED_BY) VALUES (175, 'PN', 'PCN', '+649', FALSE, TRUE, 1);
INSERT INTO TRANSLATIONS (CODE, LANGUAGE_ID, PARENT_ID, VALUE_TEXT) VALUES ('COUNTRY', 1, 175, 'Pitcairn Islands');
INSERT INTO TRANSLATIONS (CODE, LANGUAGE_ID, PARENT_ID, VALUE_TEXT) VALUES ('COUNTRY', 2, 175, 'Pitcairninseln');

INSERT INTO COUNTRIES (COUNTRY_ID, ISO2, ISO3, DIALING_CODE, IS_EU, IS_ACTIVE, LAST_MODIFIED_BY) VALUES (176, 'PL', 'POL', '+48', TRUE, TRUE, 1);
INSERT INTO TRANSLATIONS (CODE, LANGUAGE_ID, PARENT_ID, VALUE_TEXT) VALUES ('COUNTRY', 1, 176, 'Poland');
INSERT INTO TRANSLATIONS (CODE, LANGUAGE_ID, PARENT_ID, VALUE_TEXT) VALUES ('COUNTRY', 2, 176, 'Polen');

INSERT INTO COUNTRIES (COUNTRY_ID, ISO2, ISO3, DIALING_CODE, IS_EU, IS_ACTIVE, LAST_MODIFIED_BY) VALUES (177, 'PT', 'PRT', '+351', TRUE, TRUE, 1);
INSERT INTO TRANSLATIONS (CODE, LANGUAGE_ID, PARENT_ID, VALUE_TEXT) VALUES ('COUNTRY', 1, 177, 'Portugal');
INSERT INTO TRANSLATIONS (CODE, LANGUAGE_ID, PARENT_ID, VALUE_TEXT) VALUES ('COUNTRY', 2, 177, 'Portugal');

INSERT INTO COUNTRIES (COUNTRY_ID, ISO2, ISO3, DIALING_CODE, IS_EU, IS_ACTIVE, LAST_MODIFIED_BY) VALUES (178, 'PR', 'PRI', '+1-787', FALSE, TRUE, 1);
INSERT INTO TRANSLATIONS (CODE, LANGUAGE_ID, PARENT_ID, VALUE_TEXT) VALUES ('COUNTRY', 1, 178, 'Puerto Rico');
INSERT INTO TRANSLATIONS (CODE, LANGUAGE_ID, PARENT_ID, VALUE_TEXT) VALUES ('COUNTRY', 2, 178, 'Puerto Rico');

INSERT INTO COUNTRIES (COUNTRY_ID, ISO2, ISO3, DIALING_CODE, IS_EU, IS_ACTIVE, LAST_MODIFIED_BY) VALUES (179, 'CG', 'COG', '+242', FALSE, TRUE, 1);
INSERT INTO TRANSLATIONS (CODE, LANGUAGE_ID, PARENT_ID, VALUE_TEXT) VALUES ('COUNTRY', 1, 179, 'Republic of the Congo');
INSERT INTO TRANSLATIONS (CODE, LANGUAGE_ID, PARENT_ID, VALUE_TEXT) VALUES ('COUNTRY', 2, 179, 'Republik Kongo');

INSERT INTO COUNTRIES (COUNTRY_ID, ISO2, ISO3, DIALING_CODE, IS_EU, IS_ACTIVE, LAST_MODIFIED_BY) VALUES (180, 'RE', 'REU', '+262', FALSE, TRUE, 1);
INSERT INTO TRANSLATIONS (CODE, LANGUAGE_ID, PARENT_ID, VALUE_TEXT) VALUES ('COUNTRY', 1, 180, 'Reunion');
INSERT INTO TRANSLATIONS (CODE, LANGUAGE_ID, PARENT_ID, VALUE_TEXT) VALUES ('COUNTRY', 2, 180, 'Réunion');

INSERT INTO COUNTRIES (COUNTRY_ID, ISO2, ISO3, DIALING_CODE, IS_EU, IS_ACTIVE, LAST_MODIFIED_BY) VALUES (181, 'RW', 'RWA', '+250', FALSE, TRUE, 1);
INSERT INTO TRANSLATIONS (CODE, LANGUAGE_ID, PARENT_ID, VALUE_TEXT) VALUES ('COUNTRY', 1, 181, 'Rwanda');
INSERT INTO TRANSLATIONS (CODE, LANGUAGE_ID, PARENT_ID, VALUE_TEXT) VALUES ('COUNTRY', 2, 181, 'Ruanda');

INSERT INTO COUNTRIES (COUNTRY_ID, ISO2, ISO3, DIALING_CODE, IS_EU, IS_ACTIVE, LAST_MODIFIED_BY) VALUES (182, 'RO', 'ROU', '+40', TRUE, TRUE, 1);
INSERT INTO TRANSLATIONS (CODE, LANGUAGE_ID, PARENT_ID, VALUE_TEXT) VALUES ('COUNTRY', 1, 182, 'Romania');
INSERT INTO TRANSLATIONS (CODE, LANGUAGE_ID, PARENT_ID, VALUE_TEXT) VALUES ('COUNTRY', 2, 182, 'Rumänien');

INSERT INTO COUNTRIES (COUNTRY_ID, ISO2, ISO3, DIALING_CODE, IS_EU, IS_ACTIVE, LAST_MODIFIED_BY) VALUES (183, 'RU', 'RUS', '+7', FALSE, TRUE, 1);
INSERT INTO TRANSLATIONS (CODE, LANGUAGE_ID, PARENT_ID, VALUE_TEXT) VALUES ('COUNTRY', 1, 183, 'Russia');
INSERT INTO TRANSLATIONS (CODE, LANGUAGE_ID, PARENT_ID, VALUE_TEXT) VALUES ('COUNTRY', 2, 183, 'Russland');

INSERT INTO COUNTRIES (COUNTRY_ID, ISO2, ISO3, DIALING_CODE, IS_EU, IS_ACTIVE, LAST_MODIFIED_BY) VALUES (184, 'MF', 'MAF', '+590', FALSE, TRUE, 1);
INSERT INTO TRANSLATIONS (CODE, LANGUAGE_ID, PARENT_ID, VALUE_TEXT) VALUES ('COUNTRY', 1, 184, 'Saint Martin');
INSERT INTO TRANSLATIONS (CODE, LANGUAGE_ID, PARENT_ID, VALUE_TEXT) VALUES ('COUNTRY', 2, 184, 'Saint Martin');

INSERT INTO COUNTRIES (COUNTRY_ID, ISO2, ISO3, DIALING_CODE, IS_EU, IS_ACTIVE, LAST_MODIFIED_BY) VALUES (185, 'SB', 'SLB', '+677', FALSE, TRUE, 1);
INSERT INTO TRANSLATIONS (CODE, LANGUAGE_ID, PARENT_ID, VALUE_TEXT) VALUES ('COUNTRY', 1, 185, 'Solomon Islands');
INSERT INTO TRANSLATIONS (CODE, LANGUAGE_ID, PARENT_ID, VALUE_TEXT) VALUES ('COUNTRY', 2, 185, 'Salomonen');

INSERT INTO COUNTRIES (COUNTRY_ID, ISO2, ISO3, DIALING_CODE, IS_EU, IS_ACTIVE, LAST_MODIFIED_BY) VALUES (186, 'ZM', 'ZMB', '+260', FALSE, TRUE, 1);
INSERT INTO TRANSLATIONS (CODE, LANGUAGE_ID, PARENT_ID, VALUE_TEXT) VALUES ('COUNTRY', 1, 186, 'Zambia');
INSERT INTO TRANSLATIONS (CODE, LANGUAGE_ID, PARENT_ID, VALUE_TEXT) VALUES ('COUNTRY', 2, 186, 'Sambia');

INSERT INTO COUNTRIES (COUNTRY_ID, ISO2, ISO3, DIALING_CODE, IS_EU, IS_ACTIVE, LAST_MODIFIED_BY) VALUES (187, 'WS', 'WSM', '+685', FALSE, TRUE, 1);
INSERT INTO TRANSLATIONS (CODE, LANGUAGE_ID, PARENT_ID, VALUE_TEXT) VALUES ('COUNTRY', 1, 187, 'Samoa');
INSERT INTO TRANSLATIONS (CODE, LANGUAGE_ID, PARENT_ID, VALUE_TEXT) VALUES ('COUNTRY', 2, 187, 'Samoa');

INSERT INTO COUNTRIES (COUNTRY_ID, ISO2, ISO3, DIALING_CODE, IS_EU, IS_ACTIVE, LAST_MODIFIED_BY) VALUES (188, 'SM', 'SMR', '+378', FALSE, TRUE, 1);
INSERT INTO TRANSLATIONS (CODE, LANGUAGE_ID, PARENT_ID, VALUE_TEXT) VALUES ('COUNTRY', 1, 188, 'San Marino');
INSERT INTO TRANSLATIONS (CODE, LANGUAGE_ID, PARENT_ID, VALUE_TEXT) VALUES ('COUNTRY', 2, 188, 'San Marino');

INSERT INTO COUNTRIES (COUNTRY_ID, ISO2, ISO3, DIALING_CODE, IS_EU, IS_ACTIVE, LAST_MODIFIED_BY) VALUES (189, 'BL', 'BLM', '+590', FALSE, TRUE, 1);
INSERT INTO TRANSLATIONS (CODE, LANGUAGE_ID, PARENT_ID, VALUE_TEXT) VALUES ('COUNTRY', 1, 189, 'Saint Barthelemy');
INSERT INTO TRANSLATIONS (CODE, LANGUAGE_ID, PARENT_ID, VALUE_TEXT) VALUES ('COUNTRY', 2, 189, 'Sankt Bartholomäus');

INSERT INTO COUNTRIES (COUNTRY_ID, ISO2, ISO3, DIALING_CODE, IS_EU, IS_ACTIVE, LAST_MODIFIED_BY) VALUES (190, 'ST', 'STP', '+239', FALSE, TRUE, 1);
INSERT INTO TRANSLATIONS (CODE, LANGUAGE_ID, PARENT_ID, VALUE_TEXT) VALUES ('COUNTRY', 1, 190, 'Sao Tome and Principe');
INSERT INTO TRANSLATIONS (CODE, LANGUAGE_ID, PARENT_ID, VALUE_TEXT) VALUES ('COUNTRY', 2, 190, 'São Tomé und Príncipe');

INSERT INTO COUNTRIES (COUNTRY_ID, ISO2, ISO3, DIALING_CODE, IS_EU, IS_ACTIVE, LAST_MODIFIED_BY) VALUES (191, 'SA', 'SAU', '+966', FALSE, TRUE, 1);
INSERT INTO TRANSLATIONS (CODE, LANGUAGE_ID, PARENT_ID, VALUE_TEXT) VALUES ('COUNTRY', 1, 191, 'Saudi Arabia');
INSERT INTO TRANSLATIONS (CODE, LANGUAGE_ID, PARENT_ID, VALUE_TEXT) VALUES ('COUNTRY', 2, 191, 'Saudi-Arabien');

INSERT INTO COUNTRIES (COUNTRY_ID, ISO2, ISO3, DIALING_CODE, IS_EU, IS_ACTIVE, LAST_MODIFIED_BY) VALUES (192, 'SE', 'SWE', '+46', TRUE, TRUE, 1);
INSERT INTO TRANSLATIONS (CODE, LANGUAGE_ID, PARENT_ID, VALUE_TEXT) VALUES ('COUNTRY', 1, 192, 'Sweden');
INSERT INTO TRANSLATIONS (CODE, LANGUAGE_ID, PARENT_ID, VALUE_TEXT) VALUES ('COUNTRY', 2, 192, 'Schweden');

INSERT INTO COUNTRIES (COUNTRY_ID, ISO2, ISO3, DIALING_CODE, IS_EU, IS_ACTIVE, LAST_MODIFIED_BY) VALUES (193, 'CH', 'CHE', '+41', FALSE, TRUE, 1);
INSERT INTO TRANSLATIONS (CODE, LANGUAGE_ID, PARENT_ID, VALUE_TEXT) VALUES ('COUNTRY', 1, 193, 'Switzerland');
INSERT INTO TRANSLATIONS (CODE, LANGUAGE_ID, PARENT_ID, VALUE_TEXT) VALUES ('COUNTRY', 2, 193, 'Schweiz');

INSERT INTO COUNTRIES (COUNTRY_ID, ISO2, ISO3, DIALING_CODE, IS_EU, IS_ACTIVE, LAST_MODIFIED_BY) VALUES (194, 'SN', 'SEN', '+221', FALSE, TRUE, 1);
INSERT INTO TRANSLATIONS (CODE, LANGUAGE_ID, PARENT_ID, VALUE_TEXT) VALUES ('COUNTRY', 1, 194, 'Senegal');
INSERT INTO TRANSLATIONS (CODE, LANGUAGE_ID, PARENT_ID, VALUE_TEXT) VALUES ('COUNTRY', 2, 194, 'Senegal');

INSERT INTO COUNTRIES (COUNTRY_ID, ISO2, ISO3, DIALING_CODE, IS_EU, IS_ACTIVE, LAST_MODIFIED_BY) VALUES (195, 'RS', 'SRB', '+381', FALSE, TRUE, 1);
INSERT INTO TRANSLATIONS (CODE, LANGUAGE_ID, PARENT_ID, VALUE_TEXT) VALUES ('COUNTRY', 1, 195, 'Serbia');
INSERT INTO TRANSLATIONS (CODE, LANGUAGE_ID, PARENT_ID, VALUE_TEXT) VALUES ('COUNTRY', 2, 195, 'Serbien');

INSERT INTO COUNTRIES (COUNTRY_ID, ISO2, ISO3, DIALING_CODE, IS_EU, IS_ACTIVE, LAST_MODIFIED_BY) VALUES (196, 'SC', 'SYC', '+248', FALSE, TRUE, 1);
INSERT INTO TRANSLATIONS (CODE, LANGUAGE_ID, PARENT_ID, VALUE_TEXT) VALUES ('COUNTRY', 1, 196, 'Seychelles');
INSERT INTO TRANSLATIONS (CODE, LANGUAGE_ID, PARENT_ID, VALUE_TEXT) VALUES ('COUNTRY', 2, 196, 'Seychellen');

INSERT INTO COUNTRIES (COUNTRY_ID, ISO2, ISO3, DIALING_CODE, IS_EU, IS_ACTIVE, LAST_MODIFIED_BY) VALUES (197, 'SL', 'SLE', '+232', FALSE, TRUE, 1);
INSERT INTO TRANSLATIONS (CODE, LANGUAGE_ID, PARENT_ID, VALUE_TEXT) VALUES ('COUNTRY', 1, 197, 'Sierra Leone');
INSERT INTO TRANSLATIONS (CODE, LANGUAGE_ID, PARENT_ID, VALUE_TEXT) VALUES ('COUNTRY', 2, 197, 'Sierra Leone');

INSERT INTO COUNTRIES (COUNTRY_ID, ISO2, ISO3, DIALING_CODE, IS_EU, IS_ACTIVE, LAST_MODIFIED_BY) VALUES (198, 'ZW', 'ZWE', '+263', FALSE, TRUE, 1);
INSERT INTO TRANSLATIONS (CODE, LANGUAGE_ID, PARENT_ID, VALUE_TEXT) VALUES ('COUNTRY', 1, 198, 'Zimbabwe');
INSERT INTO TRANSLATIONS (CODE, LANGUAGE_ID, PARENT_ID, VALUE_TEXT) VALUES ('COUNTRY', 2, 198, 'Simbabwe');

INSERT INTO COUNTRIES (COUNTRY_ID, ISO2, ISO3, DIALING_CODE, IS_EU, IS_ACTIVE, LAST_MODIFIED_BY) VALUES (199, 'SG', 'SGP', '+65', FALSE, TRUE, 1);
INSERT INTO TRANSLATIONS (CODE, LANGUAGE_ID, PARENT_ID, VALUE_TEXT) VALUES ('COUNTRY', 1, 199, 'Singapore');
INSERT INTO TRANSLATIONS (CODE, LANGUAGE_ID, PARENT_ID, VALUE_TEXT) VALUES ('COUNTRY', 2, 199, 'Singapur');

INSERT INTO COUNTRIES (COUNTRY_ID, ISO2, ISO3, DIALING_CODE, IS_EU, IS_ACTIVE, LAST_MODIFIED_BY) VALUES (200, 'SX', 'SXM', '+1-721', FALSE, TRUE, 1);
INSERT INTO TRANSLATIONS (CODE, LANGUAGE_ID, PARENT_ID, VALUE_TEXT) VALUES ('COUNTRY', 1, 200, 'Sint Maarten');
INSERT INTO TRANSLATIONS (CODE, LANGUAGE_ID, PARENT_ID, VALUE_TEXT) VALUES ('COUNTRY', 2, 200, 'Sint Maarten');

INSERT INTO COUNTRIES (COUNTRY_ID, ISO2, ISO3, DIALING_CODE, IS_EU, IS_ACTIVE, LAST_MODIFIED_BY) VALUES (201, 'SK', 'SVK', '+421', TRUE, TRUE, 1);
INSERT INTO TRANSLATIONS (CODE, LANGUAGE_ID, PARENT_ID, VALUE_TEXT) VALUES ('COUNTRY', 1, 201, 'Slovakia');
INSERT INTO TRANSLATIONS (CODE, LANGUAGE_ID, PARENT_ID, VALUE_TEXT) VALUES ('COUNTRY', 2, 201, 'Slowakei');

INSERT INTO COUNTRIES (COUNTRY_ID, ISO2, ISO3, DIALING_CODE, IS_EU, IS_ACTIVE, LAST_MODIFIED_BY) VALUES (202, 'SI', 'SVN', '+386', FALSE, TRUE, 1);
INSERT INTO TRANSLATIONS (CODE, LANGUAGE_ID, PARENT_ID, VALUE_TEXT) VALUES ('COUNTRY', 1, 202, 'Slovenia');
INSERT INTO TRANSLATIONS (CODE, LANGUAGE_ID, PARENT_ID, VALUE_TEXT) VALUES ('COUNTRY', 2, 202, 'Slowenien');

INSERT INTO COUNTRIES (COUNTRY_ID, ISO2, ISO3, DIALING_CODE, IS_EU, IS_ACTIVE, LAST_MODIFIED_BY) VALUES (203, 'SO', 'SOM', '+252', FALSE, TRUE, 1);
INSERT INTO TRANSLATIONS (CODE, LANGUAGE_ID, PARENT_ID, VALUE_TEXT) VALUES ('COUNTRY', 1, 203, 'Somalia');
INSERT INTO TRANSLATIONS (CODE, LANGUAGE_ID, PARENT_ID, VALUE_TEXT) VALUES ('COUNTRY', 2, 203, 'Somalia');

INSERT INTO COUNTRIES (COUNTRY_ID, ISO2, ISO3, DIALING_CODE, IS_EU, IS_ACTIVE, LAST_MODIFIED_BY) VALUES (204, 'ES', 'ESP', '+34', TRUE, TRUE, 1);
INSERT INTO TRANSLATIONS (CODE, LANGUAGE_ID, PARENT_ID, VALUE_TEXT) VALUES ('COUNTRY', 1, 204, 'Spain');
INSERT INTO TRANSLATIONS (CODE, LANGUAGE_ID, PARENT_ID, VALUE_TEXT) VALUES ('COUNTRY', 2, 204, 'Spanien');

INSERT INTO COUNTRIES (COUNTRY_ID, ISO2, ISO3, DIALING_CODE, IS_EU, IS_ACTIVE, LAST_MODIFIED_BY) VALUES (205, 'LK', 'LKA', '+94', FALSE, TRUE, 1);
INSERT INTO TRANSLATIONS (CODE, LANGUAGE_ID, PARENT_ID, VALUE_TEXT) VALUES ('COUNTRY', 1, 205, 'Sri Lanka');
INSERT INTO TRANSLATIONS (CODE, LANGUAGE_ID, PARENT_ID, VALUE_TEXT) VALUES ('COUNTRY', 2, 205, 'Sri Lanka');

INSERT INTO COUNTRIES (COUNTRY_ID, ISO2, ISO3, DIALING_CODE, IS_EU, IS_ACTIVE, LAST_MODIFIED_BY) VALUES (206, 'SH', 'SHN', '+290', FALSE, TRUE, 1);
INSERT INTO TRANSLATIONS (CODE, LANGUAGE_ID, PARENT_ID, VALUE_TEXT) VALUES ('COUNTRY', 1, 206, 'Saint Helena, Ascension and Tristan da Cunha');
INSERT INTO TRANSLATIONS (CODE, LANGUAGE_ID, PARENT_ID, VALUE_TEXT) VALUES ('COUNTRY', 2, 206, 'St. Helena, Ascension und Tristan da Cunha');

INSERT INTO COUNTRIES (COUNTRY_ID, ISO2, ISO3, DIALING_CODE, IS_EU, IS_ACTIVE, LAST_MODIFIED_BY) VALUES (207, 'KN', 'KNA', '+1-869', FALSE, TRUE, 1);
INSERT INTO TRANSLATIONS (CODE, LANGUAGE_ID, PARENT_ID, VALUE_TEXT) VALUES ('COUNTRY', 1, 207, 'Saint Kitts and Nevis');
INSERT INTO TRANSLATIONS (CODE, LANGUAGE_ID, PARENT_ID, VALUE_TEXT) VALUES ('COUNTRY', 2, 207, 'St. Kitts und Nevis');

INSERT INTO COUNTRIES (COUNTRY_ID, ISO2, ISO3, DIALING_CODE, IS_EU, IS_ACTIVE, LAST_MODIFIED_BY) VALUES (208, 'LC', 'LCA', '+1-758', FALSE, TRUE, 1);
INSERT INTO TRANSLATIONS (CODE, LANGUAGE_ID, PARENT_ID, VALUE_TEXT) VALUES ('COUNTRY', 1, 208, 'Saint Lucia');
INSERT INTO TRANSLATIONS (CODE, LANGUAGE_ID, PARENT_ID, VALUE_TEXT) VALUES ('COUNTRY', 2, 208, 'St. Lucia');

INSERT INTO COUNTRIES (COUNTRY_ID, ISO2, ISO3, DIALING_CODE, IS_EU, IS_ACTIVE, LAST_MODIFIED_BY) VALUES (209, 'PM', 'SPM', '+508', FALSE, TRUE, 1);
INSERT INTO TRANSLATIONS (CODE, LANGUAGE_ID, PARENT_ID, VALUE_TEXT) VALUES ('COUNTRY', 1, 209, 'Saint Pierre and Miquelon');
INSERT INTO TRANSLATIONS (CODE, LANGUAGE_ID, PARENT_ID, VALUE_TEXT) VALUES ('COUNTRY', 2, 209, 'St. Pierre und Miquelon');

INSERT INTO COUNTRIES (COUNTRY_ID, ISO2, ISO3, DIALING_CODE, IS_EU, IS_ACTIVE, LAST_MODIFIED_BY) VALUES (210, 'VC', 'VCT', '+1-784', FALSE, TRUE, 1);
INSERT INTO TRANSLATIONS (CODE, LANGUAGE_ID, PARENT_ID, VALUE_TEXT) VALUES ('COUNTRY', 1, 210, 'Saint Vincent and the Grenadines');
INSERT INTO TRANSLATIONS (CODE, LANGUAGE_ID, PARENT_ID, VALUE_TEXT) VALUES ('COUNTRY', 2, 210, 'St. Vincent und die Grenadinen');

INSERT INTO COUNTRIES (COUNTRY_ID, ISO2, ISO3, DIALING_CODE, IS_EU, IS_ACTIVE, LAST_MODIFIED_BY) VALUES (211, 'ZA', 'ZAF', '+27', FALSE, TRUE, 1);
INSERT INTO TRANSLATIONS (CODE, LANGUAGE_ID, PARENT_ID, VALUE_TEXT) VALUES ('COUNTRY', 1, 211, 'South Africa');
INSERT INTO TRANSLATIONS (CODE, LANGUAGE_ID, PARENT_ID, VALUE_TEXT) VALUES ('COUNTRY', 2, 211, 'Südafrika');

INSERT INTO COUNTRIES (COUNTRY_ID, ISO2, ISO3, DIALING_CODE, IS_EU, IS_ACTIVE, LAST_MODIFIED_BY) VALUES (212, 'SD', 'SDN', '+249', FALSE, TRUE, 1);
INSERT INTO TRANSLATIONS (CODE, LANGUAGE_ID, PARENT_ID, VALUE_TEXT) VALUES ('COUNTRY', 1, 212, 'Sudan');
INSERT INTO TRANSLATIONS (CODE, LANGUAGE_ID, PARENT_ID, VALUE_TEXT) VALUES ('COUNTRY', 2, 212, 'Sudan');

INSERT INTO COUNTRIES (COUNTRY_ID, ISO2, ISO3, DIALING_CODE, IS_EU, IS_ACTIVE, LAST_MODIFIED_BY) VALUES (213, 'GS', 'SGS', '+500', FALSE, TRUE, 1);
INSERT INTO TRANSLATIONS (CODE, LANGUAGE_ID, PARENT_ID, VALUE_TEXT) VALUES ('COUNTRY', 1, 213, 'South Georgia and South Sandwich Islands');
INSERT INTO TRANSLATIONS (CODE, LANGUAGE_ID, PARENT_ID, VALUE_TEXT) VALUES ('COUNTRY', 2, 213, 'Südgeorgien und die Südlichen Sandwichinseln');

INSERT INTO COUNTRIES (COUNTRY_ID, ISO2, ISO3, DIALING_CODE, IS_EU, IS_ACTIVE, LAST_MODIFIED_BY) VALUES (214, 'KR', 'KOR', '+82', FALSE, TRUE, 1);
INSERT INTO TRANSLATIONS (CODE, LANGUAGE_ID, PARENT_ID, VALUE_TEXT) VALUES ('COUNTRY', 1, 214, 'South Korea');
INSERT INTO TRANSLATIONS (CODE, LANGUAGE_ID, PARENT_ID, VALUE_TEXT) VALUES ('COUNTRY', 2, 214, 'Südkorea');

INSERT INTO COUNTRIES (COUNTRY_ID, ISO2, ISO3, DIALING_CODE, IS_EU, IS_ACTIVE, LAST_MODIFIED_BY) VALUES (215, 'SS', 'SSD', '+211', FALSE, TRUE, 1);
INSERT INTO TRANSLATIONS (CODE, LANGUAGE_ID, PARENT_ID, VALUE_TEXT) VALUES ('COUNTRY', 1, 215, 'South Sudan');
INSERT INTO TRANSLATIONS (CODE, LANGUAGE_ID, PARENT_ID, VALUE_TEXT) VALUES ('COUNTRY', 2, 215, 'Südsudan');

INSERT INTO COUNTRIES (COUNTRY_ID, ISO2, ISO3, DIALING_CODE, IS_EU, IS_ACTIVE, LAST_MODIFIED_BY) VALUES (216, 'SR', 'SUR', '+597', FALSE, TRUE, 1);
INSERT INTO TRANSLATIONS (CODE, LANGUAGE_ID, PARENT_ID, VALUE_TEXT) VALUES ('COUNTRY', 1, 216, 'Suriname');
INSERT INTO TRANSLATIONS (CODE, LANGUAGE_ID, PARENT_ID, VALUE_TEXT) VALUES ('COUNTRY', 2, 216, 'Suriname');

INSERT INTO COUNTRIES (COUNTRY_ID, ISO2, ISO3, DIALING_CODE, IS_EU, IS_ACTIVE, LAST_MODIFIED_BY) VALUES (217, 'SJ', 'SJM', '+47', FALSE, TRUE, 1);
INSERT INTO TRANSLATIONS (CODE, LANGUAGE_ID, PARENT_ID, VALUE_TEXT) VALUES ('COUNTRY', 1, 217, 'Svalbard');
INSERT INTO TRANSLATIONS (CODE, LANGUAGE_ID, PARENT_ID, VALUE_TEXT) VALUES ('COUNTRY', 2, 217, 'Svalbard und Jan Mayen');

INSERT INTO COUNTRIES (COUNTRY_ID, ISO2, ISO3, DIALING_CODE, IS_EU, IS_ACTIVE, LAST_MODIFIED_BY) VALUES (218, 'SY', 'SYR', '+963', FALSE, TRUE, 1);
INSERT INTO TRANSLATIONS (CODE, LANGUAGE_ID, PARENT_ID, VALUE_TEXT) VALUES ('COUNTRY', 1, 218, 'Syria');
INSERT INTO TRANSLATIONS (CODE, LANGUAGE_ID, PARENT_ID, VALUE_TEXT) VALUES ('COUNTRY', 2, 218, 'Syrien');

INSERT INTO COUNTRIES (COUNTRY_ID, ISO2, ISO3, DIALING_CODE, IS_EU, IS_ACTIVE, LAST_MODIFIED_BY) VALUES (219, 'TJ', 'TJK', '+992', FALSE, TRUE, 1);
INSERT INTO TRANSLATIONS (CODE, LANGUAGE_ID, PARENT_ID, VALUE_TEXT) VALUES ('COUNTRY', 1, 219, 'Tajikistan');
INSERT INTO TRANSLATIONS (CODE, LANGUAGE_ID, PARENT_ID, VALUE_TEXT) VALUES ('COUNTRY', 2, 219, 'Tadschikistan');

INSERT INTO COUNTRIES (COUNTRY_ID, ISO2, ISO3, DIALING_CODE, IS_EU, IS_ACTIVE, LAST_MODIFIED_BY) VALUES (220, 'TW', 'TWN', '+886', FALSE, TRUE, 1);
INSERT INTO TRANSLATIONS (CODE, LANGUAGE_ID, PARENT_ID, VALUE_TEXT) VALUES ('COUNTRY', 1, 220, 'Taiwan');
INSERT INTO TRANSLATIONS (CODE, LANGUAGE_ID, PARENT_ID, VALUE_TEXT) VALUES ('COUNTRY', 2, 220, 'Taiwan');

INSERT INTO COUNTRIES (COUNTRY_ID, ISO2, ISO3, DIALING_CODE, IS_EU, IS_ACTIVE, LAST_MODIFIED_BY) VALUES (221, 'TZ', 'TZA', '+255', FALSE, TRUE, 1);
INSERT INTO TRANSLATIONS (CODE, LANGUAGE_ID, PARENT_ID, VALUE_TEXT) VALUES ('COUNTRY', 1, 221, 'Tanzania');
INSERT INTO TRANSLATIONS (CODE, LANGUAGE_ID, PARENT_ID, VALUE_TEXT) VALUES ('COUNTRY', 2, 221, 'Tansania');

INSERT INTO COUNTRIES (COUNTRY_ID, ISO2, ISO3, DIALING_CODE, IS_EU, IS_ACTIVE, LAST_MODIFIED_BY) VALUES (222, 'TH', 'THA', '+66', FALSE, TRUE, 1);
INSERT INTO TRANSLATIONS (CODE, LANGUAGE_ID, PARENT_ID, VALUE_TEXT) VALUES ('COUNTRY', 1, 222, 'Thailand');
INSERT INTO TRANSLATIONS (CODE, LANGUAGE_ID, PARENT_ID, VALUE_TEXT) VALUES ('COUNTRY', 2, 222, 'Thailand');

INSERT INTO COUNTRIES (COUNTRY_ID, ISO2, ISO3, DIALING_CODE, IS_EU, IS_ACTIVE, LAST_MODIFIED_BY) VALUES (223, 'TG', 'TGO', '+228', FALSE, TRUE, 1);
INSERT INTO TRANSLATIONS (CODE, LANGUAGE_ID, PARENT_ID, VALUE_TEXT) VALUES ('COUNTRY', 1, 223, 'Togo');
INSERT INTO TRANSLATIONS (CODE, LANGUAGE_ID, PARENT_ID, VALUE_TEXT) VALUES ('COUNTRY', 2, 223, 'Togo');

INSERT INTO COUNTRIES (COUNTRY_ID, ISO2, ISO3, DIALING_CODE, IS_EU, IS_ACTIVE, LAST_MODIFIED_BY) VALUES (224, 'TK', 'TKL', '+690', FALSE, TRUE, 1);
INSERT INTO TRANSLATIONS (CODE, LANGUAGE_ID, PARENT_ID, VALUE_TEXT) VALUES ('COUNTRY', 1, 224, 'Tokelau');
INSERT INTO TRANSLATIONS (CODE, LANGUAGE_ID, PARENT_ID, VALUE_TEXT) VALUES ('COUNTRY', 2, 224, 'Tokelau');

INSERT INTO COUNTRIES (COUNTRY_ID, ISO2, ISO3, DIALING_CODE, IS_EU, IS_ACTIVE, LAST_MODIFIED_BY) VALUES (225, 'TO', 'TON', '+676', FALSE, TRUE, 1);
INSERT INTO TRANSLATIONS (CODE, LANGUAGE_ID, PARENT_ID, VALUE_TEXT) VALUES ('COUNTRY', 1, 225, 'Tonga');
INSERT INTO TRANSLATIONS (CODE, LANGUAGE_ID, PARENT_ID, VALUE_TEXT) VALUES ('COUNTRY', 2, 225, 'Tonga');

INSERT INTO COUNTRIES (COUNTRY_ID, ISO2, ISO3, DIALING_CODE, IS_EU, IS_ACTIVE, LAST_MODIFIED_BY) VALUES (226, 'TT', 'TTO', '+1-868', FALSE, TRUE, 1);
INSERT INTO TRANSLATIONS (CODE, LANGUAGE_ID, PARENT_ID, VALUE_TEXT) VALUES ('COUNTRY', 1, 226, 'Trinidad and Tobago');
INSERT INTO TRANSLATIONS (CODE, LANGUAGE_ID, PARENT_ID, VALUE_TEXT) VALUES ('COUNTRY', 2, 226, 'Trinidad und Tobago');

INSERT INTO COUNTRIES (COUNTRY_ID, ISO2, ISO3, DIALING_CODE, IS_EU, IS_ACTIVE, LAST_MODIFIED_BY) VALUES (227, 'TD', 'TCD', '+235', FALSE, TRUE, 1);
INSERT INTO TRANSLATIONS (CODE, LANGUAGE_ID, PARENT_ID, VALUE_TEXT) VALUES ('COUNTRY', 1, 227, 'Chad');
INSERT INTO TRANSLATIONS (CODE, LANGUAGE_ID, PARENT_ID, VALUE_TEXT) VALUES ('COUNTRY', 2, 227, 'Tschad');

INSERT INTO COUNTRIES (COUNTRY_ID, ISO2, ISO3, DIALING_CODE, IS_EU, IS_ACTIVE, LAST_MODIFIED_BY) VALUES (228, 'CZ', 'CZE', '+420', TRUE, TRUE, 1);
INSERT INTO TRANSLATIONS (CODE, LANGUAGE_ID, PARENT_ID, VALUE_TEXT) VALUES ('COUNTRY', 1, 228, 'Czechia');
INSERT INTO TRANSLATIONS (CODE, LANGUAGE_ID, PARENT_ID, VALUE_TEXT) VALUES ('COUNTRY', 2, 228, 'Tschechien');

INSERT INTO COUNTRIES (COUNTRY_ID, ISO2, ISO3, DIALING_CODE, IS_EU, IS_ACTIVE, LAST_MODIFIED_BY) VALUES (229, 'TN', 'TUN', '+216', FALSE, TRUE, 1);
INSERT INTO TRANSLATIONS (CODE, LANGUAGE_ID, PARENT_ID, VALUE_TEXT) VALUES ('COUNTRY', 1, 229, 'Tunisia');
INSERT INTO TRANSLATIONS (CODE, LANGUAGE_ID, PARENT_ID, VALUE_TEXT) VALUES ('COUNTRY', 2, 229, 'Tunesien');

INSERT INTO COUNTRIES (COUNTRY_ID, ISO2, ISO3, DIALING_CODE, IS_EU, IS_ACTIVE, LAST_MODIFIED_BY) VALUES (230, 'TR', 'TUR', '+90', FALSE, TRUE, 1);
INSERT INTO TRANSLATIONS (CODE, LANGUAGE_ID, PARENT_ID, VALUE_TEXT) VALUES ('COUNTRY', 1, 230, 'Turkey');
INSERT INTO TRANSLATIONS (CODE, LANGUAGE_ID, PARENT_ID, VALUE_TEXT) VALUES ('COUNTRY', 2, 230, 'Türkei');

INSERT INTO COUNTRIES (COUNTRY_ID, ISO2, ISO3, DIALING_CODE, IS_EU, IS_ACTIVE, LAST_MODIFIED_BY) VALUES (231, 'TM', 'TKM', '+993', FALSE, TRUE, 1);
INSERT INTO TRANSLATIONS (CODE, LANGUAGE_ID, PARENT_ID, VALUE_TEXT) VALUES ('COUNTRY', 1, 231, 'Turkmenistan');
INSERT INTO TRANSLATIONS (CODE, LANGUAGE_ID, PARENT_ID, VALUE_TEXT) VALUES ('COUNTRY', 2, 231, 'Turkmenistan');

INSERT INTO COUNTRIES (COUNTRY_ID, ISO2, ISO3, DIALING_CODE, IS_EU, IS_ACTIVE, LAST_MODIFIED_BY) VALUES (232, 'TC', 'TCA', '+1-649', FALSE, TRUE, 1);
INSERT INTO TRANSLATIONS (CODE, LANGUAGE_ID, PARENT_ID, VALUE_TEXT) VALUES ('COUNTRY', 1, 232, 'Turks and Caicos Islands');
INSERT INTO TRANSLATIONS (CODE, LANGUAGE_ID, PARENT_ID, VALUE_TEXT) VALUES ('COUNTRY', 2, 232, 'Turks und Caicosinseln');

INSERT INTO COUNTRIES (COUNTRY_ID, ISO2, ISO3, DIALING_CODE, IS_EU, IS_ACTIVE, LAST_MODIFIED_BY) VALUES (233, 'TV', 'TUV', '+688', FALSE, TRUE, 1);
INSERT INTO TRANSLATIONS (CODE, LANGUAGE_ID, PARENT_ID, VALUE_TEXT) VALUES ('COUNTRY', 1, 233, 'Tuvalu');
INSERT INTO TRANSLATIONS (CODE, LANGUAGE_ID, PARENT_ID, VALUE_TEXT) VALUES ('COUNTRY', 2, 233, 'Tuvalu');

INSERT INTO COUNTRIES (COUNTRY_ID, ISO2, ISO3, DIALING_CODE, IS_EU, IS_ACTIVE, LAST_MODIFIED_BY) VALUES (234, 'UG', 'UGA', '+256', FALSE, TRUE, 1);
INSERT INTO TRANSLATIONS (CODE, LANGUAGE_ID, PARENT_ID, VALUE_TEXT) VALUES ('COUNTRY', 1, 234, 'Uganda');
INSERT INTO TRANSLATIONS (CODE, LANGUAGE_ID, PARENT_ID, VALUE_TEXT) VALUES ('COUNTRY', 2, 234, 'Uganda');

INSERT INTO COUNTRIES (COUNTRY_ID, ISO2, ISO3, DIALING_CODE, IS_EU, IS_ACTIVE, LAST_MODIFIED_BY) VALUES (235, 'UA', 'UKR', '+380', FALSE, TRUE, 1);
INSERT INTO TRANSLATIONS (CODE, LANGUAGE_ID, PARENT_ID, VALUE_TEXT) VALUES ('COUNTRY', 1, 235, 'Ukraine');
INSERT INTO TRANSLATIONS (CODE, LANGUAGE_ID, PARENT_ID, VALUE_TEXT) VALUES ('COUNTRY', 2, 235, 'Ukraine');

INSERT INTO COUNTRIES (COUNTRY_ID, ISO2, ISO3, DIALING_CODE, IS_EU, IS_ACTIVE, LAST_MODIFIED_BY) VALUES (236, 'HU', 'HUN', '+36', TRUE, TRUE, 1);
INSERT INTO TRANSLATIONS (CODE, LANGUAGE_ID, PARENT_ID, VALUE_TEXT) VALUES ('COUNTRY', 1, 236, 'Hungary');
INSERT INTO TRANSLATIONS (CODE, LANGUAGE_ID, PARENT_ID, VALUE_TEXT) VALUES ('COUNTRY', 2, 236, 'Ungarn');

INSERT INTO COUNTRIES (COUNTRY_ID, ISO2, ISO3, DIALING_CODE, IS_EU, IS_ACTIVE, LAST_MODIFIED_BY) VALUES (237, 'UY', 'URY', '+598', FALSE, TRUE, 1);
INSERT INTO TRANSLATIONS (CODE, LANGUAGE_ID, PARENT_ID, VALUE_TEXT) VALUES ('COUNTRY', 1, 237, 'Uruguay');
INSERT INTO TRANSLATIONS (CODE, LANGUAGE_ID, PARENT_ID, VALUE_TEXT) VALUES ('COUNTRY', 2, 237, 'Uruguay');

INSERT INTO COUNTRIES (COUNTRY_ID, ISO2, ISO3, DIALING_CODE, IS_EU, IS_ACTIVE, LAST_MODIFIED_BY) VALUES (238, 'UZ', 'UZB', '+998', FALSE, TRUE, 1);
INSERT INTO TRANSLATIONS (CODE, LANGUAGE_ID, PARENT_ID, VALUE_TEXT) VALUES ('COUNTRY', 1, 238, 'Uzbekistan');
INSERT INTO TRANSLATIONS (CODE, LANGUAGE_ID, PARENT_ID, VALUE_TEXT) VALUES ('COUNTRY', 2, 238, 'Usbekistan');

INSERT INTO COUNTRIES (COUNTRY_ID, ISO2, ISO3, DIALING_CODE, IS_EU, IS_ACTIVE, LAST_MODIFIED_BY) VALUES (239, 'VU', 'VUT', '+678', FALSE, TRUE, 1);
INSERT INTO TRANSLATIONS (CODE, LANGUAGE_ID, PARENT_ID, VALUE_TEXT) VALUES ('COUNTRY', 1, 239, 'Vanuatu');
INSERT INTO TRANSLATIONS (CODE, LANGUAGE_ID, PARENT_ID, VALUE_TEXT) VALUES ('COUNTRY', 2, 239, 'Vanuatu');

INSERT INTO COUNTRIES (COUNTRY_ID, ISO2, ISO3, DIALING_CODE, IS_EU, IS_ACTIVE, LAST_MODIFIED_BY) VALUES (240, 'VA', 'VAT', '+39-6', FALSE, TRUE, 1);
INSERT INTO TRANSLATIONS (CODE, LANGUAGE_ID, PARENT_ID, VALUE_TEXT) VALUES ('COUNTRY', 1, 240, 'Vatican City');
INSERT INTO TRANSLATIONS (CODE, LANGUAGE_ID, PARENT_ID, VALUE_TEXT) VALUES ('COUNTRY', 2, 240, 'Vatikanstadt');

INSERT INTO COUNTRIES (COUNTRY_ID, ISO2, ISO3, DIALING_CODE, IS_EU, IS_ACTIVE, LAST_MODIFIED_BY) VALUES (241, 'VE', 'VEN', '+58', FALSE, TRUE, 1);
INSERT INTO TRANSLATIONS (CODE, LANGUAGE_ID, PARENT_ID, VALUE_TEXT) VALUES ('COUNTRY', 1, 241, 'Venezuela');
INSERT INTO TRANSLATIONS (CODE, LANGUAGE_ID, PARENT_ID, VALUE_TEXT) VALUES ('COUNTRY', 2, 241, 'Venezuela');

INSERT INTO COUNTRIES (COUNTRY_ID, ISO2, ISO3, DIALING_CODE, IS_EU, IS_ACTIVE, LAST_MODIFIED_BY) VALUES (242, 'AE', 'ARE', '+971', FALSE, TRUE, 1);
INSERT INTO TRANSLATIONS (CODE, LANGUAGE_ID, PARENT_ID, VALUE_TEXT) VALUES ('COUNTRY', 1, 242, 'United Arab Emirates');
INSERT INTO TRANSLATIONS (CODE, LANGUAGE_ID, PARENT_ID, VALUE_TEXT) VALUES ('COUNTRY', 2, 242, 'Vereinigte Arabische Emirate');

INSERT INTO COUNTRIES (COUNTRY_ID, ISO2, ISO3, DIALING_CODE, IS_EU, IS_ACTIVE, LAST_MODIFIED_BY) VALUES (243, 'US', 'USA', '+1', FALSE, TRUE, 1);
INSERT INTO TRANSLATIONS (CODE, LANGUAGE_ID, PARENT_ID, VALUE_TEXT) VALUES ('COUNTRY', 1, 243, 'United States of America');
INSERT INTO TRANSLATIONS (CODE, LANGUAGE_ID, PARENT_ID, VALUE_TEXT) VALUES ('COUNTRY', 2, 243, 'Vereinigte Staaten von Amerika');

INSERT INTO COUNTRIES (COUNTRY_ID, ISO2, ISO3, DIALING_CODE, IS_EU, IS_ACTIVE, LAST_MODIFIED_BY) VALUES (244, 'GB', 'GBR', '+44', FALSE, TRUE, 1);
INSERT INTO TRANSLATIONS (CODE, LANGUAGE_ID, PARENT_ID, VALUE_TEXT) VALUES ('COUNTRY', 1, 244, 'United Kingdom');
INSERT INTO TRANSLATIONS (CODE, LANGUAGE_ID, PARENT_ID, VALUE_TEXT) VALUES ('COUNTRY', 2, 244, 'Vereinigtes Königreich');

INSERT INTO COUNTRIES (COUNTRY_ID, ISO2, ISO3, DIALING_CODE, IS_EU, IS_ACTIVE, LAST_MODIFIED_BY) VALUES (245, 'VN', 'VNM', '+84', FALSE, TRUE, 1);
INSERT INTO TRANSLATIONS (CODE, LANGUAGE_ID, PARENT_ID, VALUE_TEXT) VALUES ('COUNTRY', 1, 245, 'Vietnam');
INSERT INTO TRANSLATIONS (CODE, LANGUAGE_ID, PARENT_ID, VALUE_TEXT) VALUES ('COUNTRY', 2, 245, 'Vietnam');

INSERT INTO COUNTRIES (COUNTRY_ID, ISO2, ISO3, DIALING_CODE, IS_EU, IS_ACTIVE, LAST_MODIFIED_BY) VALUES (246, 'WF', 'WLF', '+681', FALSE, TRUE, 1);
INSERT INTO TRANSLATIONS (CODE, LANGUAGE_ID, PARENT_ID, VALUE_TEXT) VALUES ('COUNTRY', 1, 246, 'Wallis and Futuna');
INSERT INTO TRANSLATIONS (CODE, LANGUAGE_ID, PARENT_ID, VALUE_TEXT) VALUES ('COUNTRY', 2, 246, 'Wallis und Futuna');

INSERT INTO COUNTRIES (COUNTRY_ID, ISO2, ISO3, DIALING_CODE, IS_EU, IS_ACTIVE, LAST_MODIFIED_BY) VALUES (247, 'CX', 'CXR', '+61', FALSE, TRUE, 1);
INSERT INTO TRANSLATIONS (CODE, LANGUAGE_ID, PARENT_ID, VALUE_TEXT) VALUES ('COUNTRY', 1, 247, 'Christmas Island');
INSERT INTO TRANSLATIONS (CODE, LANGUAGE_ID, PARENT_ID, VALUE_TEXT) VALUES ('COUNTRY', 2, 247, 'Weihnachtsinsel');

INSERT INTO COUNTRIES (COUNTRY_ID, ISO2, ISO3, DIALING_CODE, IS_EU, IS_ACTIVE, LAST_MODIFIED_BY) VALUES (248, 'EH', 'ESH', '+212', FALSE, TRUE, 1);
INSERT INTO TRANSLATIONS (CODE, LANGUAGE_ID, PARENT_ID, VALUE_TEXT) VALUES ('COUNTRY', 1, 248, 'Western Sahara');
INSERT INTO TRANSLATIONS (CODE, LANGUAGE_ID, PARENT_ID, VALUE_TEXT) VALUES ('COUNTRY', 2, 248, 'Westsahara');

INSERT INTO COUNTRIES (COUNTRY_ID, ISO2, ISO3, DIALING_CODE, IS_EU, IS_ACTIVE, LAST_MODIFIED_BY) VALUES (249, 'CF', 'CAF', '+236', FALSE, TRUE, 1);
INSERT INTO TRANSLATIONS (CODE, LANGUAGE_ID, PARENT_ID, VALUE_TEXT) VALUES ('COUNTRY', 1, 249, 'Central African Republic');
INSERT INTO TRANSLATIONS (CODE, LANGUAGE_ID, PARENT_ID, VALUE_TEXT) VALUES ('COUNTRY', 2, 249, 'Zentralafrikanische Republik');

INSERT INTO COUNTRIES (COUNTRY_ID, ISO2, ISO3, DIALING_CODE, IS_EU, IS_ACTIVE, LAST_MODIFIED_BY) VALUES (250, 'CY', 'CYP', '+357', TRUE, TRUE, 1);
INSERT INTO TRANSLATIONS (CODE, LANGUAGE_ID, PARENT_ID, VALUE_TEXT) VALUES ('COUNTRY', 1, 250, 'Cyprus');
INSERT INTO TRANSLATIONS (CODE, LANGUAGE_ID, PARENT_ID, VALUE_TEXT) VALUES ('COUNTRY', 2, 250, 'Zypern');


/* SALUTATIONS */

INSERT INTO SALUTATIONS (SALUTATION_ID, LAST_MODIFIED_BY) VALUES (1, 1);
INSERT INTO TRANSLATIONS (CODE, LANGUAGE_ID, PARENT_ID, VALUE_TEXT) VALUES ('SALUTATION', 1, 1, 'Dear Sir or Madam');
INSERT INTO TRANSLATIONS (CODE, LANGUAGE_ID, PARENT_ID, VALUE_TEXT) VALUES ('SALUTATION', 2, 1, 'Sehr geehrte Damen und Herren');

INSERT INTO SALUTATIONS (SALUTATION_ID, LAST_MODIFIED_BY) VALUES (2, 1);
INSERT INTO TRANSLATIONS (CODE, LANGUAGE_ID, PARENT_ID, VALUE_TEXT) VALUES ('SALUTATION', 1, 2, 'Dear Mrs.');
INSERT INTO TRANSLATIONS (CODE, LANGUAGE_ID, PARENT_ID, VALUE_TEXT) VALUES ('SALUTATION', 2, 2, 'Sehr geehrte Frau');

INSERT INTO SALUTATIONS (SALUTATION_ID, LAST_MODIFIED_BY) VALUES (3, 1);
INSERT INTO TRANSLATIONS (CODE, LANGUAGE_ID, PARENT_ID, VALUE_TEXT) VALUES ('SALUTATION', 1, 3, 'Dear Mr.');
INSERT INTO TRANSLATIONS (CODE, LANGUAGE_ID, PARENT_ID, VALUE_TEXT) VALUES ('SALUTATION', 2, 3, 'Sehr geehrter Herr');

INSERT INTO SALUTATIONS (SALUTATION_ID, LAST_MODIFIED_BY) VALUES (4, 1);
INSERT INTO TRANSLATIONS (CODE, LANGUAGE_ID, PARENT_ID, VALUE_TEXT) VALUES ('SALUTATION', 1, 4, 'Dear Dr.');
INSERT INTO TRANSLATIONS (CODE, LANGUAGE_ID, PARENT_ID, VALUE_TEXT) VALUES ('SALUTATION', 2, 4, 'Sehr geehrter Herr Dr.');

INSERT INTO SALUTATIONS (SALUTATION_ID, LAST_MODIFIED_BY) VALUES (5, 1);
INSERT INTO TRANSLATIONS (CODE, LANGUAGE_ID, PARENT_ID, VALUE_TEXT) VALUES ('SALUTATION', 1, 5, 'Dear Dr.');
INSERT INTO TRANSLATIONS (CODE, LANGUAGE_ID, PARENT_ID, VALUE_TEXT) VALUES ('SALUTATION', 2, 5, 'Sehr geehrter Frau Dr.');


/* CURRENCIES */
INSERT INTO CURRENCIES (CODE, RATE, EXCHANGE_RATE, MUST_ROUND, DECIMAL_PLACES, RATE_DATE, LAST_MODIFIED_BY) VALUES ('EUR', 1, 1, FALSE, 2, CURRENT_TIMESTAMP, 1);

/* Payment Conditions */
INSERT INTO PAYMENT_CONDITIONS (PAYMENT_CONDITION_ID, IS_PREPAYMENT, IS_ACTIVE, AVAILABLE_FOR_CUSTOMER, AVAILABLE_FOR_SUPPLIER, LAST_MODIFIED_BY) VALUES (1, TRUE, TRUE, TRUE, TRUE, 1);
INSERT INTO TRANSLATIONS (CODE, LANGUAGE_ID, PARENT_ID, VALUE_TEXT) VALUES ('PAYMENT_CONDITION', 1, 1, 'Prepayment');
INSERT INTO TRANSLATIONS (CODE, LANGUAGE_ID, PARENT_ID, VALUE_TEXT) VALUES ('PAYMENT_CONDITION', 2, 1, 'Vorkasse');



INSERT INTO LIEFERBEDINGUNGEN (LIEFERBEDINGUNG_ID, NAME, IST_AKTIV, VERFUEGBAR_KUNDE, VERFUEGBAR_LIEFERANT, LETZTER_BEARBEITER) VALUES (1, 'Versand Paketdienst', TRUE, TRUE, TRUE, 1);
INSERT INTO LIEFERBEDINGUNGEN (LIEFERBEDINGUNG_ID, NAME, IST_AKTIV, VERFUEGBAR_KUNDE, VERFUEGBAR_LIEFERANT, LETZTER_BEARBEITER) VALUES (2, 'Abholung durch Kunden', TRUE, TRUE, FALSE, 1);


INSERT INTO VOREINSTELLUNGEN (VOREINSTELLUNG_ID, NAME, KUNDE_LIEFERBEDINGUNG_ID, KUNDE_ZAHLUNGSBEDINGUNG_ID, KUNDE_ANREDE_ID, KUNDE_WAEHRUNGSCODE, KUNDE_LAND_ID, KUNDE_KREDITLIMIT, KUNDE_NEUTRALER_VERSAND, LETZTER_BEARBEITER) VALUES (1, 'Standard', 1, 1, 1, 'EUR', 1, 0, FALSE, 1);

INSERT INTO NUMMERNKREISE (NUMMERNKREIS_ID, NAME, KUNDE_VON, KUNDE_BIS, LETZTER_BEARBEITER) VALUES (1, 'Standard', 10000, 30000, 1);


EXECUTE PROCEDURE RESEED_IDENTITY('SPRACHEN', 'SPRACH_ID');
EXECUTE PROCEDURE RESEED_IDENTITY('USERS', 'USER_ID');
EXECUTE PROCEDURE RESEED_IDENTITY('ANREDEN', 'ANREDE_ID');
EXECUTE PROCEDURE RESEED_IDENTITY('LAENDER', 'LAND_ID');
EXECUTE PROCEDURE RESEED_IDENTITY('ZAHLUNGSBEDINGUNGEN', 'ZAHLUNGSBEDINGUNG_ID');
EXECUTE PROCEDURE RESEED_IDENTITY('LIEFERBEDINGUNGEN', 'LIEFERBEDINGUNG_ID');
EXECUTE PROCEDURE RESEED_IDENTITY('VOREINSTELLUNGEN', 'VOREINSTELLUNG_ID');
EXECUTE PROCEDURE RESEED_IDENTITY('NUMMERNKREISE', 'NUMMERNKREIS_ID');